index,label
1178,0
692,1
15986,0
3382,0
6598,1
9201,1
9080,1
3965,0
1805,0
5398,0
997,1
2365,0
8835,0
7487,0
2966,0
10721,1
2536,0
4520,1
10083,1
15609,1
141,0
789,1
6863,0
3583,0
9292,0
5710,1
6152,0
1916,1
14793,0
7705,0
5578,0
2954,0
38,1
10637,0
10136,0
15289,0
8697,0
4374,0
12078,0
12523,0
13737,0
178,0
3793,0
7361,1
8755,0
12725,1
8981,1
4172,0
11184,0
13251,1
3396,1
12428,0
14780,0
1213,0
7663,0
366,1
7071,0
12899,0
5580,1
4576,1
11712,1
12760,1
3433,1
10636,0
13192,1
8431,0
5479,1
14593,1
13995,0
12446,1
8554,0
6817,0
7891,0
12,0
1955,0
11499,0
6020,1
7533,0
8911,1
13012,1
10221,0
2826,1
4696,1
1323,0
7653,0
3181,0
437,0
14755,0
8160,1
14309,0
13808,0
6030,1
4013,0
11208,0
9074,0
8301,0
2957,0
10706,0
7822,1
11848,0
3431,0
943,1
11317,1
12071,1
3430,0
10835,0
14036,1
12864,0
7829,1
5308,0
6716,0
13742,0
3543,0
605,1
15021,0
12014,0
11016,1
2006,0
9196,1
15156,0
15676,0
9660,1
4162,0
7421,0
5053,0
10188,1
2336,0
989,0
11446,0
7413,0
4119,0
8750,1
2821,1
10534,1
12257,0
15182,0
5371,0
2399,1
15507,0
7075,0
718,1
4010,0
9337,1
2546,0
8881,0
11290,0
12394,0
15573,0
14410,1
6437,0
6581,1
10361,1
4562,0
8390,0
6790,0
3291,0
3932,0
15371,1
289,0
8037,1
7013,0
14890,0
10731,0
11889,0
14097,1
8151,1
14866,1
7426,0
912,1
3957,1
2566,1
15482,1
6829,0
6713,0
12139,1
15704,1
10528,0
12151,0
13768,0
4359,0
4949,0
2600,0
10005,1
8796,0
8741,0
4988,1
7704,1
14884,1
10160,1
15234,0
12461,0
7524,0
4782,0
1044,1
10051,1
6634,0
10513,1
11869,1
14630,1
5809,0
11537,1
9164,0
1811,0
1709,1
4238,0
14740,0
8095,0
14878,1
4465,1
4841,0
11803,0
2331,0
10783,0
7720,0
11197,0
12697,0
9546,0
2657,0
4707,0
13813,1
11507,0
1220,1
2245,0
11713,0
8579,0
2971,0
9351,0
15221,1
13785,0
4339,0
2790,1
11418,1
9043,1
4296,0
6931,0
1899,0
4440,0
5747,0
9712,0
993,0
13073,0
13810,1
10346,0
12002,0
14956,1
15119,1
8312,0
2614,0
4664,0
9152,1
8965,1
1449,0
10962,0
9279,1
6943,1
4559,0
14425,1
7483,1
5657,0
410,0
1142,1
8540,0
13906,0
10168,0
6375,0
10431,1
4400,0
7477,1
12503,0
1371,0
9593,0
15086,0
545,0
6535,1
1969,0
5178,1
15797,0
13763,0
13429,1
9370,0
12943,0
2127,0
12948,0
11343,0
15835,0
1170,0
13539,1
15166,0
13924,1
3552,0
15824,0
9304,0
186,1
10639,0
15036,1
6812,0
8942,1
8153,0
9134,0
4115,0
12904,0
11924,1
485,0
1793,1
11694,1
8208,0
4646,0
12524,0
5633,0
14555,0
5929,0
13749,1
3024,0
15141,1
13922,0
7285,0
11319,0
10215,0
10781,1
2054,1
15620,1
4834,0
3822,0
11409,1
14602,1
4083,0
8576,0
13782,0
14619,0
14307,0
15463,0
8190,0
9247,0
9622,0
1870,1
11550,1
10703,1
2136,0
12961,1
2610,0
8870,0
9098,0
6182,0
4341,0
5301,1
1514,1
12927,1
15616,1
5181,0
3350,0
7130,0
15318,0
7640,1
14234,0
5335,1
8118,0
15678,0
4961,0
14162,0
4078,0
6450,0
10146,0
7960,1
11770,1
1763,0
5716,0
8888,1
1819,0
4998,1
4633,1
1057,1
14597,0
5115,1
15505,1
10171,1
12947,0
3914,0
15520,1
688,1
12772,1
6746,0
2462,1
13471,1
6835,0
6488,1
1667,0
8564,0
11686,1
1147,0
7586,1
8417,1
13041,1
5227,0
9362,0
4794,0
15889,0
11392,0
8069,0
14104,1
10363,0
12509,1
3726,0
6539,0
6090,1
1615,1
13264,0
11138,0
7192,0
9009,0
13949,1
5830,0
10877,1
2274,0
4477,1
9859,1
14046,0
9974,1
995,0
8682,0
6052,1
11029,0
11301,1
6195,0
12259,0
9954,0
14638,0
13956,1
13659,0
6599,1
6971,0
11061,1
8685,1
9525,0
1096,1
4473,1
7950,0
5965,0
7977,1
7848,0
4929,0
15215,0
10381,0
4872,0
14317,1
113,0
9882,1
8134,0
6906,0
8413,0
7322,1
4490,0
14843,0
3171,0
11258,1
5193,1
12526,0
10491,0
157,0
9079,0
1140,0
13971,1
12738,1
15326,1
12493,0
11340,1
2975,0
7964,0
1497,0
13643,0
542,0
11830,0
9445,0
10567,1
11631,0
7541,0
3556,1
2519,0
5365,0
8546,0
2020,0
9614,1
6502,0
8213,0
10473,0
5084,1
9601,0
6220,1
13495,0
3805,0
12434,1
6319,0
14188,1
1889,1
2674,0
3216,0
14367,0
6281,0
11256,0
14216,0
15866,0
13451,0
14916,0
13700,1
12284,1
15746,0
8399,1
14201,1
751,1
6296,0
12438,1
7510,0
14960,0
14167,0
14591,0
5825,0
6225,0
13758,1
590,1
11978,0
1393,0
11968,0
14542,1
5436,0
3712,0
15435,1
815,0
3498,0
8604,0
3186,0
10600,0
4401,1
1744,0
3991,1
7606,0
7809,0
8436,1
13698,0
6338,0
13915,1
2323,1
5257,1
10503,1
11144,0
5530,1
7201,0
4508,1
9358,0
6822,0
13779,0
15867,0
6071,0
2796,0
3830,1
15546,0
12200,0
9534,1
12928,0
8199,0
344,1
9031,0
2046,0
11948,0
6726,0
3974,0
4032,0
2743,1
6107,1
8060,0
2084,0
15582,1
1181,0
11578,0
9888,0
6095,1
3005,0
440,0
6198,0
1558,0
5166,0
11800,0
8166,0
7869,1
9757,1
11980,0
4006,0
1674,0
3631,1
10678,0
376,0
1427,1
10884,0
8572,1
8775,1
15902,1
9189,0
4252,0
13726,1
8096,1
2510,1
2877,1
9405,0
7562,0
6974,0
1688,1
1012,0
8764,0
4630,1
1620,1
15148,1
11435,0
4629,1
10192,1
1718,1
5347,1
4085,1
4489,1
5566,0
2523,0
1224,1
14857,1
13709,0
4719,1
9344,0
15239,1
2240,0
11523,1
5981,1
4196,0
3268,0
585,1
13551,1
9785,1
7543,0
1150,1
9455,0
11806,1
4300,0
463,1
3935,0
11077,0
15933,1
1917,0
10546,1
228,0
12939,0
15336,0
10094,1
11545,1
8640,0
5478,0
6756,0
10803,1
169,1
562,1
1729,0
2023,0
10525,1
202,0
6749,0
2230,0
6947,0
8804,0
4428,1
10388,0
12243,1
7647,1
1195,0
966,0
10362,1
4679,0
12828,0
5202,1
3512,1
14612,1
13894,0
10576,0
11838,0
11254,0
4885,0
11055,0
7697,1
9643,0
10572,0
4205,0
9159,0
823,1
7971,1
14879,0
9056,0
14306,1
12095,0
7030,0
5302,0
4887,0
2366,0
168,0
7742,0
14915,0
790,1
10881,1
12361,0
15947,0
3540,0
10533,0
5816,0
2802,0
3615,1
11441,0
1316,0
14274,0
6315,1
6702,1
480,0
1091,0
13724,1
9737,1
6737,0
1452,1
15299,0
7406,1
14383,1
13077,1
12941,1
9669,0
12596,1
9815,0
13256,0
5945,0
2922,0
15370,0
1063,1
13951,1
5628,0
1211,1
6330,0
10032,0
12091,0
14545,0
9266,0
5082,0
13896,0
14558,0
6326,1
10091,0
5686,1
297,0
15634,0
15776,0
5995,0
5234,0
11126,1
8454,0
9886,1
6008,1
9313,1
7729,1
1022,0
591,1
1252,0
238,1
15000,1
8708,1
14030,0
11956,0
6359,1
11650,1
12358,0
9783,1
4323,1
7480,1
6102,0
6072,0
12270,1
14017,1
14616,0
9318,0
4044,0
7352,0
3911,0
13398,0
4360,0
15783,1
7295,0
9768,1
9394,1
1613,0
9966,0
73,1
799,0
13247,0
11722,1
2422,0
15876,0
8879,0
10880,0
14560,1
3823,1
1732,1
850,0
626,0
13889,0
6905,0
1225,0
8015,1
10448,0
13483,0
8028,0
581,0
14010,0
4990,1
12044,1
15423,0
10795,0
15420,0
10028,1
11866,0
6583,0
12887,1
15378,0
15462,0
2315,1
15527,0
5911,0
7491,1
9814,0
496,0
10137,0
1128,0
5458,1
11391,0
7992,1
1469,0
2825,0
1315,0
4766,0
11387,0
4625,0
8759,1
12023,1
10090,0
15983,0
4891,0
9554,1
5522,0
1975,0
13387,0
5786,1
15292,0
15235,0
1131,1
15414,0
2701,0
4257,1
5643,0
12677,0
9579,1
644,1
8549,1
1723,0
5182,0
15314,1
13969,0
5447,0
5560,1
12393,0
1909,1
12815,0
10799,1
11344,0
6577,0
6593,0
13233,0
1892,0
10696,0
1884,0
5098,1
11795,0
14728,1
14209,1
12801,1
3302,0
517,0
12404,0
5239,0
10313,0
12794,1
11162,0
13243,0
669,0
6043,0
2824,1
2257,0
11369,0
7152,0
8571,0
15679,0
9788,1
15376,1
15058,0
11370,0
14347,0
12022,0
2697,1
3528,0
4439,1
4642,1
4155,1
7217,0
8928,0
7504,0
8935,0
13881,0
206,0
781,1
14967,0
10287,1
7565,1
3098,0
12442,1
12814,1
10750,0
147,1
7060,1
7561,1
15531,1
10078,0
11674,0
12817,1
12954,1
1255,0
67,1
8170,0
4621,0
13574,0
13323,1
15635,1
11328,1
13932,0
1006,1
14974,0
1145,0
5248,0
5376,0
11233,0
9932,1
12670,0
11219,1
310,0
3565,0
6148,0
11232,1
6641,1
9624,0
992,1
10457,0
7619,0
3085,0
1446,1
6611,0
4663,0
7550,0
2168,0
4361,0
5102,0
15615,0
4557,0
14268,1
11283,1
15544,0
15113,1
2360,1
11303,1
7793,0
8243,1
3262,0
15677,1
11160,1
8921,1
3185,0
11239,0
4139,1
1199,0
9538,0
5498,0
8553,1
14186,0
8929,0
8458,0
5821,0
11377,0
14271,0
9576,0
8535,1
15218,0
5111,0
4957,1
12618,0
5145,0
14200,0
296,1
15366,0
9066,0
12876,0
3413,0
5772,0
9821,1
2617,0
3619,1
14816,0
4606,1
11746,0
15728,0
4686,0
13791,0
10046,1
13864,1
15442,0
12613,0
9475,0
9324,0
13376,1
9319,1
3980,0
13544,0
10932,1
4599,0
9456,0
10386,1
10535,0
11013,0
2191,0
6056,1
8260,1
2524,0
10648,0
5130,1
5771,1
4596,0
14880,0
12577,1
14763,1
4256,1
3906,0
12513,1
1862,0
13980,1
14451,0
5725,0
1025,0
1823,0
11888,0
12661,1
10180,0
4759,1
4829,0
12463,0
11966,1
10741,1
6299,0
5777,0
1642,0
14735,0
74,0
1569,0
6568,0
740,1
12560,1
7905,0
10357,0
571,0
6993,0
14985,1
4012,1
4416,1
8448,0
7343,0
4529,0
14004,1
4916,0
7377,0
7089,0
13443,1
7461,1
9145,0
14756,0
14770,0
5249,1
2303,0
11199,1
6018,0
3698,1
5822,0
13068,0
5060,1
14140,0
15611,0
15623,0
6640,0
12235,1
6485,0
11632,1
13102,0
6815,0
7087,1
1193,0
7098,1
14924,0
12777,1
12117,0
9437,1
7067,0
2925,0
2740,1
504,0
422,0
10918,1
14294,0
6738,1
3429,0
1879,0
15687,0
12267,0
14256,1
4262,1
14360,0
5918,1
15431,1
7554,0
3310,1
11058,1
1115,1
11440,1
3288,1
2284,1
15838,1
12374,0
9747,1
4801,0
12275,0
4051,0
7450,1
2002,0
3162,0
14646,0
15137,1
4058,1
6449,0
8859,0
5820,1
11641,0
1957,0
6524,1
8338,1
8957,1
15510,0
12682,0
8372,0
1885,1
6907,0
13333,1
5241,1
7338,1
4116,0
15328,0
6424,1
3585,0
6682,1
708,1
14709,0
2994,1
14242,0
12366,1
4185,0
3215,0
1168,0
1572,1
11477,0
9497,0
3880,0
9387,1
9609,0
6936,0
7648,0
10551,0
8565,0
127,0
10621,0
9745,1
13579,0
14472,0
9415,0
5192,1
10086,0
9382,1
385,0
13139,1
2583,0
13744,1
14817,0
7136,0
9016,1
855,1
6791,0
6094,0
636,1
9889,0
1561,0
7652,1
13440,0
6613,0
3019,0
5941,0
9354,0
15157,0
6961,1
11772,1
7910,1
11448,1
2707,0
6940,0
12903,0
12935,0
10026,1
1973,0
13693,0
9493,0
8831,0
1513,1
9036,0
2717,1
5744,0
6688,1
3481,1
42,1
13772,1
12470,0
1209,1
10568,0
12671,1
11113,0
4658,1
15253,0
4932,0
11860,0
14528,0
8391,0
13067,1
10974,1
4927,1
194,0
6808,1
12510,1
5920,0
6292,0
7955,0
3105,1
3033,1
142,1
12143,1
446,0
5407,0
5555,0
11458,0
9761,0
6725,1
2087,0
5406,0
8845,0
2428,0
338,1
2259,1
15441,0
11310,1
59,1
14958,1
14149,1
870,0
8447,0
10201,0
14160,0
10893,1
3124,1
11220,1
11104,1
4047,0
10655,0
14886,0
14087,0
15598,0
9857,0
12805,0
4301,0
12116,0
14158,0
15486,1
13313,1
10279,0
4148,1
14679,1
11939,1
4363,0
9782,1
15190,1
8531,0
11634,1
8005,1
10732,0
2108,1
7837,0
10940,0
7186,1
7713,0
15515,0
5861,0
12027,0
5024,1
2413,0
13978,0
4761,1
6605,1
10763,0
8975,0
354,0
15975,1
7549,1
5561,1
4870,1
1474,0
11284,1
1907,1
13651,1
4280,1
10407,0
14964,0
6412,0
13743,0
8465,1
9880,0
7478,1
10875,1
891,1
15585,1
5799,1
1654,0
11950,1
12834,0
7770,0
11576,0
2561,0
9269,0
10417,0
8138,0
2340,1
12785,0
8280,0
4661,0
5557,1
547,0
11644,0
4666,0
14511,1
8121,1
8668,0
14659,1
15860,0
14727,0
11773,1
7536,1
6,1
3423,1
13816,1
4867,0
13598,0
2321,1
5114,1
3078,1
13352,1
4907,0
7581,1
15321,0
3259,1
13692,0
10334,1
1400,0
6796,1
15238,1
12205,1
3570,0
230,0
11563,0
14044,0
14745,0
4942,1
8361,0
9442,1
15871,0
2196,1
12296,0
9639,1
69,0
3545,1
587,0
1786,0
12020,0
9278,0
2888,0
4283,0
3235,0
13549,0
11271,1
1556,0
3836,0
1695,1
1508,0
10206,0
14762,1
2277,1
3326,1
8745,0
189,1
9089,1
355,0
1271,0
783,1
13080,0
15912,0
1274,1
3622,0
2314,0
11994,0
4989,0
5064,0
8695,0
6706,0
2939,0
14489,1
1045,1
1072,0
5399,0
3667,0
2345,1
3688,1
15481,0
13677,1
9198,1
12431,1
2828,0
10609,0
8277,0
8515,1
7989,0
1066,1
9,1
3889,0
2472,1
11495,0
8611,1
8477,0
1952,1
9807,1
7354,1
5667,0
9067,1
1873,1
8363,1
1551,0
2326,0
2372,0
13905,0
11146,1
4767,0
4442,0
10629,1
10139,1
5701,0
254,1
12485,0
6609,0
1443,0
235,0
2069,1
2549,1
1989,0
1616,1
10826,0
15123,0
13090,0
5331,1
10144,1
4026,0
3504,1
4265,1
6251,0
9749,0
12471,0
1451,1
14893,0
5320,0
2387,0
7128,0
6369,1
3812,0
9463,1
14233,0
5214,0
2913,1
6322,1
72,1
8330,0
7367,1
15290,0
11583,1
13332,1
1985,1
1730,1
1458,0
8634,1
13484,1
2285,1
15410,0
15533,0
13599,0
5472,0
5942,0
5946,0
10019,1
3164,0
6432,0
11708,0
8307,0
5310,0
1230,0
8027,1
4429,1
12294,0
11510,0
9005,0
5434,0
3871,1
14918,0
7892,1
5490,0
4443,0
3639,0
6163,0
15953,0
7788,0
6950,0
9115,1
9573,0
12430,1
4427,1
3517,0
1289,1
8262,0
11275,1
10122,1
2299,0
11511,0
13946,0
3578,0
5605,0
8202,0
1896,1
10526,1
11,1
9893,1
4523,1
2067,0
12580,1
9199,1
12439,1
15046,1
223,1
2246,1
12440,0
1163,0
4579,0
9864,0
8144,0
33,0
14543,0
10458,1
6388,1
11012,1
11999,0
1338,0
10599,0
10163,0
9960,0
5155,0
6743,0
14211,0
9453,0
13265,0
7074,0
9934,1
5512,1
15143,0
4336,0
10814,0
361,0
645,1
8128,0
6514,0
811,1
1073,0
2872,0
6701,1
10246,1
3912,0
13349,0
1631,0
9491,0
1872,1
14834,1
8414,1
5900,0
14298,0
9515,0
9406,1
9170,0
15945,0
13036,0
9171,1
3685,0
7300,1
3788,0
4982,0
9244,0
11698,1
9707,0
4886,0
175,1
728,1
2235,0
7573,0
5709,0
23,0
3294,0
11324,0
10690,1
5200,0
6797,0
13474,0
15804,0
15690,0
2784,1
5748,0
1489,0
911,1
8727,1
15787,1
11026,0
12692,1
10668,0
5012,0
15090,0
2172,0
9223,0
5689,0
7453,0
3480,0
10613,0
2839,1
8884,1
15176,0
11816,1
10486,0
7313,0
8574,0
6349,1
9590,1
12450,1
15184,0
2099,0
11300,1
6295,0
13055,1
4618,1
12663,0
8675,0
1821,0
1411,0
12251,1
11655,0
1986,0
2308,1
1433,0
13940,0
6874,1
12735,1
4057,1
8200,0
2254,0
3857,1
15485,0
4569,1
4225,1
5314,1
3964,0
14137,0
13807,0
14936,1
497,0
9884,0
7784,1
12625,0
12575,0
10797,1
14922,0
13308,1
1291,0
10510,0
10349,0
13069,0
3513,1
7937,0
14457,0
10853,0
9950,0
8001,0
8994,0
5594,0
6729,0
10782,0
13736,0
14599,0
6407,0
3249,1
9655,1
910,0
12293,1
9487,0
4111,0
14635,0
6690,1
7272,0
6754,0
11929,1
11958,0
7270,1
721,1
7902,1
7693,1
9294,0
6101,0
8395,0
11334,1
3194,1
14525,1
14998,0
11719,0
8163,0
6199,0
12568,1
9440,1
7560,1
11263,1
8475,0
9465,0
4258,0
2434,1
2602,0
5928,1
3420,0
9561,0
7781,0
448,0
15950,0
12745,1
1461,0
3347,1
2295,1
7826,1
12385,1
15785,0
9952,0
9602,0
2122,0
12570,1
14064,0
4849,0
12712,0
6962,0
12931,1
10047,0
13717,0
27,0
500,1
681,0
6574,0
8656,1
5997,1
3765,1
4349,0
12491,0
3928,1
4103,1
10202,1
3238,0
14460,1
12932,0
8473,0
6549,1
3755,0
5785,1
4896,0
8335,1
4260,0
7393,0
13291,0
5382,1
2886,1
3020,0
6216,0
10278,0
15228,0
15569,0
15873,1
5986,1
4462,1
9135,0
14069,0
6468,0
13944,0
5351,0
4036,1
606,0
1520,0
9729,0
6085,0
13135,0
15750,0
12540,1
10577,1
187,0
3460,0
1334,1
8602,0
11226,1
2419,0
2738,0
1918,0
9649,0
13882,0
10467,1
239,0
7649,1
6259,0
1956,0
191,1
1069,1
3967,1
7017,0
2830,0
11259,0
9295,0
14538,1
12308,0
10694,1
3804,0
12720,0
3488,0
14496,1
9528,1
15118,0
15820,0
4398,0
6002,0
10953,0
13793,0
14040,1
11423,1
8600,1
2464,1
11595,0
2985,0
4920,0
7004,0
9432,0
3586,0
9448,1
66,0
13414,0
745,0
8161,0
4434,0
5386,0
4582,0
8082,0
5943,0
6487,1
10224,1
7473,1
2544,0
5541,0
12933,0
1994,1
8922,1
9169,0
7053,0
5355,0
7084,0
7845,0
3448,1
5546,1
1332,0
12013,0
12563,1
5000,1
14732,1
9752,1
15595,0
13186,0
14124,0
1278,0
5226,0
7265,1
1285,0
7007,0
1816,0
13219,1
11596,1
871,0
1208,0
10874,0
5284,1
10813,0
10466,1
13394,1
10055,0
6042,0
13688,0
8461,0
11763,0
2110,1
10220,0
10074,1
6171,1
1210,0
893,0
4004,0
4994,1
3557,0
12695,1
12019,0
7670,1
7024,1
5797,1
10965,0
9641,0
10358,1
9911,0
2290,1
8992,0
1595,1
15758,0
6871,1
10359,0
4246,1
2902,0
3131,0
5516,0
9044,0
9472,0
3971,1
914,1
1118,0
6820,1
7738,0
9645,0
7132,0
5581,0
3691,0
14118,1
2222,1
11702,0
2708,1
9335,1
5848,0
14255,1
13618,1
13343,0
11855,0
2307,1
15858,1
7841,0
4728,0
10500,1
5107,0
1535,0
1441,0
13287,0
13827,0
4340,1
15907,0
255,0
1510,0
8508,0
2867,0
8625,0
565,1
111,1
3099,0
1773,0
748,0
7105,0
11318,1
13801,1
8909,1
6464,0
8783,0
2859,0
9566,0
10405,1
13811,0
13672,0
3984,0
7801,0
3946,0
3942,0
14101,1
604,0
619,0
9916,1
5713,0
1363,1
7591,1
3968,0
3657,1
1239,1
1191,0
1313,0
14908,0
11506,0
5150,0
13563,1
8560,1
13298,1
13027,0
10105,0
4450,0
795,0
8187,0
10946,0
6427,1
15413,0
5626,0
14318,0
4588,0
495,0
7140,0
10585,0
1611,0
3502,0
6347,0
11679,1
1021,0
15772,1
14914,0
13877,0
10195,0
9527,0
15049,0
9664,1
8622,1
30,1
2703,1
8980,1
2055,1
1835,1
9467,1
15070,1
54,0
1,0
8135,0
11590,0
896,0
9400,0
9725,1
6312,0
7727,0
8848,0
12130,0
10611,0
3176,0
10831,1
5461,1
4054,1
4681,1
2333,0
7390,0
7908,1
3487,0
8021,1
6673,0
15469,0
3993,0
9553,0
7276,1
786,1
10566,1
4785,1
11118,1
8070,0
2694,0
612,0
12833,0
12462,0
14358,0
234,0
1534,0
13523,1
12176,0
10179,0
12508,0
5789,0
11278,0
10216,1
15618,0
7769,0
2014,0
12611,0
9992,0
10804,0
2598,0
2728,1
7825,0
14340,1
2921,1
5702,0
7416,0
35,0
11839,0
12345,0
1548,1
14005,0
14566,0
3588,0
2123,0
13784,0
4281,0
11657,0
3200,1
2305,0
14557,1
7022,0
5004,0
3305,0
4531,1
1198,0
304,1
10186,0
2152,1
5010,1
14353,0
5034,0
11635,0
14667,0
7378,0
3014,0
12369,0
4843,0
13588,0
2126,0
12246,0
12283,0
2255,0
1539,1
15222,0
14417,1
5693,1
8970,0
15204,1
12793,1
11412,0
13305,0
8717,0
9271,0
6873,0
8822,0
15208,0
8325,0
18,1
6196,0
3989,0
4390,0
15246,0
14524,1
15904,0
11646,1
15566,0
419,0
10827,1
15132,1
8792,0
377,0
5670,0
12767,1
4945,0
14203,0
3177,1
13089,1
8346,0
12680,1
9722,0
6952,0
13541,0
1533,1
9709,1
3863,0
7520,0
5648,0
11744,0
13062,0
71,1
9965,0
10326,1
8470,1
9425,1
317,1
12169,0
429,1
13634,1
1756,1
7176,1
1079,1
13880,0
11046,1
4623,0
4329,0
867,1
10902,0
6585,0
6088,1
3377,0
8053,1
10738,0
11093,0
13774,0
2040,1
13337,1
13306,0
3056,0
13664,0
13127,0
11289,0
13257,1
12539,0
1961,1
12913,0
452,0
12413,1
5446,0
15192,0
365,1
6274,0
4678,0
11321,0
4114,0
12158,1
3316,0
87,1
14430,0
2312,0
15008,0
240,1
6580,0
5989,0
14411,1
8999,0
4818,0
684,0
13324,0
5339,0
10614,1
5394,0
1277,1
8643,1
294,0
14156,1
11309,0
14962,0
9919,1
6381,0
8359,1
12310,0
11133,0
14480,1
15177,0
12482,1
14006,0
14426,0
950,0
9571,0
3018,0
10058,0
10988,1
2915,1
7532,0
6902,1
11083,1
362,1
2325,1
759,0
6048,0
3202,0
7874,1
3509,1
12883,0
14116,0
2889,0
7865,0
2440,0
8370,0
2969,0
9520,0
4956,1
9323,1
3021,1
13633,0
14603,0
7881,1
3346,1
15921,1
8805,1
12334,0
14885,1
11338,0
3707,1
9832,1
5148,0
6217,1
1002,0
2091,0
7878,1
6674,0
411,0
2709,0
15868,0
5354,0
6091,0
15644,0
2638,1
14837,0
1576,0
10909,0
15061,1
8814,1
7710,0
15752,0
8527,0
6218,0
1175,1
14456,1
1560,1
12830,0
10162,1
14438,0
5480,1
5118,0
9603,1
12753,0
5704,1
12929,1
4790,0
4737,0
11935,1
9342,1
15596,0
3367,0
6366,1
11717,0
11647,1
10422,1
85,0
957,0
8555,0
630,1
6057,1
7502,1
9648,1
9881,0
8559,0
13966,0
6393,0
1035,0
15927,0
9779,0
4405,0
12248,0
15626,1
10309,0
3155,0
4768,0
6982,0
11168,0
3895,0
13396,0
2043,0
6429,1
6061,0
5349,0
9830,0
2283,0
1649,0
9967,0
2155,0
2269,1
11362,1
1288,0
7838,1
1499,0
705,0
9357,1
1389,1
13228,0
12860,0
5790,0
10347,0
6838,0
13658,1
9763,0
4050,1
7171,0
12279,1
12292,1
2410,0
5199,0
3739,0
7495,0
6469,0
11293,1
494,1
4974,0
12244,0
4978,1
1988,1
14695,1
433,0
4786,1
4701,1
3546,0
9917,1
1283,1
3506,1
203,0
120,0
11014,0
3602,0
9383,0
12525,0
2729,0
5733,1
7947,0
4889,0
12272,0
9185,0
2879,0
9716,1
4444,1
13773,0
14193,0
3896,0
5974,0
3761,0
3050,0
6806,1
6847,1
4210,0
9820,1
7066,0
11414,0
3392,0
3109,0
2163,0
14187,1
12415,0
11098,0
3905,0
3550,0
7379,1
10610,1
5327,1
13918,0
2406,0
10333,0
5940,1
8185,1
7412,0
259,0
7452,1
7019,0
1486,1
11757,0
12382,0
13246,0
8627,1
6226,0
14284,0
8131,0
1968,0
8861,0
6621,1
10632,1
12959,0
9558,1
13704,0
11768,1
3132,0
1696,1
4954,0
8252,1
12390,0
600,1
8749,0
939,1
7110,0
14925,0
863,1
13098,0
8971,0
9847,0
4911,0
8653,1
12635,0
8054,1
1054,1
14098,0
5059,1
2162,0
1701,1
8896,0
11224,0
5791,1
7460,0
1259,0
12059,1
9854,1
1601,0
15694,0
12472,0
6999,1
9851,0
6678,0
2332,1
9412,0
620,0
14099,1
5086,1
402,0
15923,0
8129,0
3699,1
8446,0
4124,0
14814,1
13822,0
7065,0
11903,1
3694,0
10436,0
14678,0
1179,0
1706,0
11476,1
9647,1
9806,0
13910,0
11315,1
1721,0
13362,1
4370,1
3798,1
8667,0
10185,0
3939,0
10116,1
6079,0
3661,0
15439,0
2760,0
8816,1
14348,1
11854,1
7124,0
13392,0
7503,0
12395,1
4468,0
5061,0
4593,0
885,1
12674,0
13338,0
13587,0
4540,1
15409,1
13750,0
7786,0
15668,0
3415,1
14508,0
14045,1
2319,1
2147,0
11348,0
14812,0
14312,0
13034,1
11450,1
12016,0
14864,0
15734,1
1410,1
25,0
4545,0
132,0
14322,0
2103,0
1764,0
10766,1
8380,0
7613,1
6221,1
3947,0
4273,1
4511,0
15013,0
15864,0
8960,0
9982,0
11796,0
10927,0
2625,0
4143,0
152,0
1972,0
351,0
13777,1
4552,1
4422,0
4236,0
3675,0
11894,0
12727,1
15636,1
9834,1
7962,1
637,1
8148,0
10247,0
8891,0
6492,0
7711,0
2453,0
4267,1
11457,0
1923,0
9935,0
613,1
12863,0
4373,0
8756,0
7684,0
8068,0
4823,1
4310,0
4758,0
3548,0
6705,1
7888,0
6550,1
7033,1
9844,0
5198,0
3447,0
2371,1
3941,0
6155,0
6309,1
15586,1
10514,1
6807,0
14053,1
274,1
3340,1
4851,0
7678,0
15848,1
15241,0
9513,1
3953,0
12773,0
2478,1
9874,0
13294,1
11756,0
5291,0
10040,1
5343,0
6813,0
11567,0
15470,0
11383,1
11671,0
15199,0
7364,0
382,0
5781,1
4182,0
15154,0
12083,1
15478,0
1436,1
7836,0
13486,1
12090,0
11201,0
447,0
9037,0
15403,0
13335,0
6801,1
4498,1
15203,0
7951,0
10248,0
12867,1
13445,0
15346,1
11813,1
8502,0
2430,1
7780,0
11917,1
712,0
9812,0
10421,1
8664,0
12915,1
8350,0
1976,1
7803,0
197,0
696,0
7673,0
7310,0
12989,0
14829,0
7966,0
5738,1
14279,1
13592,0
6458,1
14769,0
10760,0
1246,1
3092,0
7291,0
498,0
15497,0
12121,0
6096,0
873,0
6419,1
10661,0
15779,0
8838,1
10434,0
13278,0
4228,0
3314,1
10531,0
1379,0
14722,0
8275,1
5290,0
11614,0
13514,1
15594,0
108,1
7664,0
13902,0
12410,1
3913,1
10702,1
12639,0
5278,0
13505,0
15327,1
4814,0
14083,0
1518,1
14436,0
3568,1
8973,1
5726,0
10470,1
12098,0
4538,1
4554,0
7085,0
5889,0
3924,0
4187,1
2515,1
1276,0
198,0
9176,0
13143,1
3322,0
14987,1
11699,1
6358,0
10453,0
12829,0
13641,0
4868,1
10894,0
3351,0
9870,1
2637,0
6992,0
7079,1
13525,0
3881,0
5359,0
5293,1
8365,1
15715,0
10670,1
11049,1
11912,0
11124,1
1937,0
610,0
15161,1
10339,0
11166,0
9052,0
4362,1
6135,1
13405,0
9843,0
2744,0
13537,0
6667,1
3227,0
1929,1
11969,0
11896,1
2553,1
6884,0
11080,0
4918,1
14423,1
4413,0
1308,1
767,1
15999,0
4605,1
10943,1
13809,0
4052,0
11415,0
2976,0
2229,0
14681,0
9523,0
9598,0
15304,1
15942,0
9817,0
5804,1
1310,0
8291,0
1343,0
6926,0
1196,0
10385,0
11685,0
11952,0
6916,0
11981,0
14329,0
15854,0
13683,0
2461,0
8383,1
1677,0
9977,1
7083,1
13428,1
2806,0
2352,0
5388,0
11930,1
9153,1
938,0
4101,0
15229,0
5352,0
11573,1
12971,1
6840,1
13609,1
6471,1
10701,1
6646,1
70,1
7667,0
49,1
3833,0
8539,0
15062,0
9665,1
9133,1
12949,0
641,0
5415,1
3075,1
8941,1
7916,1
10922,0
6188,1
4747,0
10066,0
4060,0
8143,0
4671,1
11352,1
12921,1
6244,1
12367,0
1298,1
14345,0
12021,1
3232,0
12475,1
214,1
14626,0
1530,1
7552,0
5768,1
13345,0
12942,0
2853,0
12092,0
577,0
4333,1
8598,1
12005,0
11413,0
416,1
1731,0
1759,0
1672,0
15249,0
1047,0
6185,0
7753,0
1351,0
2485,1
9575,0
12886,0
3313,0
15194,1
12314,0
10682,1
13131,1
10061,1
6809,1
7862,0
13196,0
7592,1
3270,1
11527,0
1586,0
15725,1
2663,0
15023,0
469,0
15917,0
8241,0
2264,1
5517,0
6332,0
9095,0
4084,1
7427,0
3692,0
14980,1
2479,0
8744,0
2484,1
9570,0
10981,1
6039,1
9060,0
12778,1
11018,0
15665,0
1033,1
2282,0
5071,0
166,0
2266,0
9898,0
2559,0
15682,1
10258,0
5963,0
9958,0
14061,0
1960,1
13373,1
4249,1
6510,1
1945,1
8073,1
2836,0
3483,0
8926,1
5662,0
11416,0
2341,0
12892,0
8976,0
6586,1
12106,1
6551,0
10249,0
4299,0
11799,0
10596,0
3418,0
5729,1
14889,1
8778,0
625,0
13823,0
12751,1
3750,1
2180,0
15488,0
10542,0
4478,0
2167,1
4702,1
5242,0
6846,0
9413,0
4711,1
7750,1
13580,1
8373,1
190,1
1088,0
1920,0
3179,0
7821,1
8526,1
5096,0
5831,1
5081,1
8492,1
3103,0
13293,1
6409,1
1692,1
15960,1
12710,0
7691,0
976,1
11508,1
14559,1
8256,0
14100,0
518,0
6293,1
2585,0
6269,1
4610,0
12748,0
6491,0
4037,0
9035,0
8401,0
4514,1
12349,0
7464,0
14562,0
15652,0
3451,0
13878,0
10914,0
14955,0
8228,0
4970,1
15060,0
5126,1
15385,0
15345,0
8239,0
11878,0
10308,0
15741,0
6479,0
8716,1
7968,1
7445,0
3492,0
14870,0
13959,1
3222,0
6146,0
5121,0
9728,0
15280,1
6364,1
7345,1
2301,0
13708,1
11925,0
6512,0
13644,0
12621,0
2256,0
4163,1
14682,0
12718,1
138,1
8423,0
2964,0
4549,1
205,0
1478,0
7306,1
6973,0
12033,1
7724,0
12851,1
7567,1
8866,1
978,0
9131,0
4850,1
635,0
3790,0
7191,1
12881,1
13342,1
8919,0
9557,0
14739,1
9466,0
3221,0
10042,0
6097,0
11701,1
14415,1
2983,0
1396,1
2746,1
1383,0
6592,1
13640,0
6169,0
15476,0
10508,0
1369,0
459,0
14452,0
12227,1
13124,1
7783,0
474,0
10426,1
9168,1
8628,0
4581,0
8952,1
11131,0
6769,0
5513,0
7687,0
3417,0
10995,1
5378,0
1161,1
4016,0
618,0
9883,0
14468,0
11402,0
1046,0
4447,0
822,0
10085,0
13379,1
8580,0
7583,0
5514,1
14022,1
11294,0
5206,0
14596,0
11652,0
12917,0
9417,0
6439,1
5117,1
6272,0
11407,1
12076,1
6827,0
2850,0
904,1
6238,0
11452,0
3449,0
12906,0
13836,1
1614,0
14832,0
5812,1
5551,0
12072,1
13941,1
12196,0
37,0
6566,0
7919,1
7242,0
12220,1
10933,1
8264,1
12586,1
8751,0
7953,0
6594,0
8821,0
9496,1
7209,1
6649,0
953,0
12979,1
12408,0
4687,1
14419,0
14416,1
10306,0
12734,1
10616,1
14035,0
7527,1
828,0
14621,1
8486,1
6979,1
6305,0
8903,0
7731,0
11827,1
13652,0
5465,1
12994,1
6675,1
14327,0
4700,1
7011,0
13886,0
5140,0
14926,1
5707,1
8378,0
8780,0
12178,1
9217,0
2941,1
10010,0
8223,1
9600,1
6932,0
3371,0
3476,0
12782,0
14833,0
14260,0
5113,0
393,1
15397,1
6903,0
10060,0
4128,0
10433,0
15064,1
11132,1
13899,0
4126,0
2302,0
6325,0
1991,1
3715,0
1004,1
3172,0
15914,1
6626,0
4023,1
131,1
2616,1
2528,0
10150,0
5013,0
9427,1
1827,0
5838,1
3815,1
9438,0
13441,0
10332,0
11522,0
3670,0
4347,0
9040,0
2926,0
12873,0
13815,0
4650,1
10000,0
11564,0
1521,1
11737,0
2716,1
10641,1
13359,1
2117,0
14815,0
10980,0
3646,1
8828,1
10212,0
12029,0
1886,0
2234,0
7505,0
5612,1
9581,0
10375,0
9878,0
3203,0
5095,1
9063,1
6789,0
9250,1
10624,0
1977,0
8853,0
10532,0
9613,0
6965,0
2361,0
6235,0
10715,0
7380,0
213,0
8691,0
4656,0
13595,0
6034,1
11241,0
8109,1
10688,1
2820,0
919,0
9936,1
1256,0
5815,0
1858,0
5233,1
5845,0
4404,0
14514,0
9240,0
14657,0
1223,0
854,0
14664,0
8133,0
10978,0
6987,0
5696,0
5927,0
4935,0
15632,0
5695,0
13174,0
3674,1
9918,0
8141,0
6451,0
9272,0
9389,1
9672,0
8586,0
12825,1
5730,0
2884,0
5634,1
655,0
13733,0
12698,1
14902,0
2819,1
8746,1
8703,0
11276,1
14408,0
8056,0
5037,0
9349,0
11285,0
1776,0
4344,1
14805,1
9296,1
10302,0
14836,0
8469,1
9386,0
4100,1
13092,0
8907,0
2533,1
793,1
64,0
458,0
11820,1
11156,1
14221,0
7621,0
13575,0
4672,0
7639,0
5189,0
10371,0
6998,0
3466,1
8462,1
9197,0
9396,0
824,1
9075,0
4955,1
8245,0
5125,0
12694,0
7178,0
2092,1
1018,0
3599,1
109,1
5559,0
6980,1
578,0
1362,0
8830,0
2451,0
4470,0
8253,0
11742,0
14250,0
373,0
10443,1
2179,0
1043,1
13608,0
9026,0
10252,1
14573,1
322,1
11243,0
5712,0
1378,0
7020,0
6496,0
5217,1
1914,1
4293,0
9791,1
4221,0
3394,0
11422,0
7470,0
13859,1
3289,0
11996,1
13521,1
8179,0
15587,0
273,1
2206,1
1496,1
11487,0
15630,0
15930,0
15958,0
2911,0
4854,0
12634,1
8547,0
4519,0
7854,0
11443,1
6731,1
661,0
12632,1
12995,1
8583,0
1055,1
2687,0
1996,1
936,0
7956,1
812,0
15822,1
9372,1
6710,1
4505,1
6783,0
8356,1
7319,1
3089,0
9219,1
1381,0
2337,0
3603,0
2188,0
15724,1
6117,1
11489,1
10133,1
1682,1
12626,0
4905,0
3146,0
3279,0
3013,0
888,0
5385,0
7139,1
10666,0
14571,1
8632,1
14840,1
9178,0
11628,1
1830,0
12912,0
15798,1
6193,1
2456,1
3732,1
12161,0
7273,0
6121,1
6844,0
10331,0
13458,1
5224,1
1639,1
532,0
15373,0
7228,1
11268,0
14652,1
880,0
3211,1
462,0
835,1
7134,0
3421,0
15296,1
7511,0
12105,0
11406,0
2080,1
5915,1
10619,1
14532,0
15826,1
1715,0
2028,0
14779,0
2640,1
4915,0
699,0
2174,0
7274,0
15162,0
9545,0
15831,0
10366,0
8113,0
3762,0
11437,0
14405,0
723,0
8616,0
409,0
1832,0
9657,0
4239,1
1187,0
4833,0
10170,0
13199,0
6810,1
2817,0
14553,1
6913,0
9516,1
11056,0
13404,0
7576,0
5336,0
14467,0
736,1
8910,0
12204,1
13439,0
9850,0
5171,1
3752,1
666,1
15019,0
15382,0
5505,0
704,0
14253,1
5962,0
14397,1
11886,1
5743,0
15433,1
14854,0
9599,0
2074,0
4423,0
13934,0
9298,1
1380,0
7748,1
10846,1
13329,1
3809,0
5087,1
6578,0
6037,1
15245,0
6499,1
6751,1
246,1
11357,0
10770,1
10411,1
8995,1
12104,0
9772,0
5953,1
10442,0
3859,1
1577,0
7032,0
11976,1
12831,0
6108,0
10638,0
15602,0
15574,0
5326,1
8833,1
8457,1
1735,0
13426,0
959,1
8320,0
6413,0
3535,1
11308,0
922,1
13686,0
12566,0
13554,0
75,1
164,0
3796,0
3697,0
2429,0
5714,0
11949,1
1818,0
2990,0
11608,1
6103,0
9809,0
2460,0
8400,0
14505,1
3409,0
7530,1
1056,1
4005,0
3642,0
15171,0
1754,1
14151,0
6555,0
5297,0
8505,0
13134,0
1234,0
11481,0
12473,0
9288,0
599,1
674,0
8612,1
11019,1
15558,0
11084,1
13430,0
11558,0
12222,0
13482,0
4500,1
4655,0
14108,0
10378,1
10817,0
10314,0
15454,1
2748,1
9084,1
13903,1
8724,0
8991,1
14628,0
14440,0
1999,0
4451,0
8343,1
8541,0
8802,0
6837,1
2682,0
8407,0
14776,1
9751,0
13631,0
13433,1
3004,0
7249,1
3542,0
1752,0
9867,1
9200,0
12381,0
9474,0
8777,0
4769,0
8608,1
1050,1
2704,0
11186,1
12569,0
2015,0
14404,1
4302,0
8348,0
5197,0
14332,0
11970,0
10871,0
10232,0
4074,1
4614,1
2803,0
1699,0
14718,0
2565,0
4342,1
3696,1
5947,0
14308,0
13358,1
5536,0
10017,1
3372,0
12237,0
5142,1
487,1
1162,1
8496,0
1525,0
7135,0
10675,0
15457,1
7198,0
6939,0
2470,0
1562,1
12599,1
13879,0
11781,1
14245,0
12174,1
432,1
13014,1
5176,0
14999,1
13996,1
6465,1
9868,0
2042,0
14304,1
1005,0
7637,1
2781,1
7716,1
9221,0
6385,0
11834,0
4094,1
2393,0
493,0
1743,0
764,1
10958,0
4503,1
2132,0
233,0
6744,0
5949,1
6114,0
15762,0
8216,0
3120,0
12650,1
9775,0
13963,1
5323,0
15903,0
13674,0
4560,1
7743,0
5630,0
13520,0
10409,0
6529,1
11992,1
5896,0
12006,0
12593,1
980,0
3903,0
13334,0
11725,1
6415,0
2375,0
4193,0
8917,1
1233,0
7518,0
11627,0
13361,0
15763,0
5587,1
970,1
161,0
8862,0
5532,1
10312,0
13642,0
10344,0
5375,0
2506,1
6134,0
327,0
5251,0
4483,0
5585,1
12958,1
12504,0
5854,1
12840,1
7775,1
4259,0
6694,1
12348,0
9869,0
14527,0
4952,1
11752,1
11065,0
11229,0
2924,1
15225,0
9713,1
8660,1
8568,0
1777,0
1747,0
7890,1
648,0
9841,1
9924,0
4587,1
4113,0
12342,0
3477,0
2813,0
12501,0
12587,0
14381,1
1852,0
2721,0
2551,1
11651,0
7101,0
5005,0
5038,0
10517,1
11807,0
13262,0
13464,0
10796,0
220,0
3826,0
3874,0
6523,1
8281,0
1468,0
12964,0
2335,0
8085,0
1866,0
3530,1
929,1
7665,1
10520,0
1099,1
6123,0
193,0
13556,1
9408,1
226,1
3090,0
13152,1
14578,0
13167,1
6066,1
2474,1
7672,0
15839,1
5999,1
4109,1
10820,0
2281,0
2788,0
1430,0
287,0
8815,1
1355,0
1447,1
7542,1
14164,0
15360,1
15353,0
15539,0
4976,1
3811,0
7200,1
1460,0
15056,0
8211,0
12077,1
13053,1
5467,0
11119,0
13282,1
11995,0
1262,0
15556,1
1660,0
961,1
9233,0
7903,1
15205,0
8092,0
10236,0
11910,1
10521,1
9141,0
15165,1
1051,0
15269,0
955,0
5295,1
103,0
10505,0
10862,0
639,0
2101,0
11819,1
11782,0
5441,1
7001,1
622,0
9124,0
12088,1
4188,1
780,1
10840,1
10784,1
2397,1
7739,0
10617,1
5089,0
13444,0
7634,0
4609,1
12764,0
11804,0
8273,1
14522,0
7734,1
11557,0
12364,1
8384,1
12796,1
10011,1
7925,0
12400,0
14941,0
3571,0
2552,0
5645,0
4435,1
6637,0
4330,0
2144,0
13022,0
10630,0
9555,0
10643,0
9691,1
1641,0
13594,1
12309,1
6113,1
15745,1
1583,0
6708,1
12888,1
303,0
2085,1
2105,0
10573,0
8181,0
13148,1
509,0
8882,1
13701,1
988,0
9268,0
5090,0
5372,0
5878,1
7303,1
11601,0
1342,0
13353,0
10408,0
7969,0
865,1
5542,0
10740,0
10234,0
3640,1
6520,0
1104,1
9892,0
14326,0
7320,0
8507,0
11390,1
2272,1
15757,0
11753,1
725,1
7187,0
8873,1
5849,0
10683,0
7930,0
14477,1
8173,0
6614,1
6556,1
13450,1
8855,0
10777,0
12001,1
4282,0
6283,0
6082,0
3676,0
2148,0
1606,1
11180,0
10478,1
9615,0
12351,1
12486,1
7737,1
15688,1
7328,0
4723,0
5956,0
13872,1
13613,0
8681,1
8459,1
6328,0
5030,1
10623,0
13170,0
8326,1
2139,0
5442,0
15138,0
6324,0
9120,0
8825,1
12437,1
7095,0
13826,1
6448,1
8606,1
2275,0
2756,0
3501,0
14708,0
10891,1
5122,1
4884,0
14000,0
10771,0
13182,0
156,1
1599,0
14685,1
2793,0
2334,0
4973,0
14427,1
15894,0
6271,0
9138,0
10825,0
9705,0
9651,0
543,0
5548,0
14072,0
12170,0
7938,1
1281,1
4463,1
11626,0
5450,1
6106,1
1108,0
8784,1
6558,0
15819,0
11142,0
8647,1
8715,0
1650,1
12274,1
856,0
12741,0
15429,0
224,1
7181,0
10495,0
1418,0
11638,1
2647,1
15483,1
12819,1
9990,0
12153,0
4441,0
15048,1
11474,1
12067,0
7868,0
12999,0
3561,0
8940,0
13016,1
700,0
13250,0
6329,0
6742,1
3383,1
3960,1
5573,0
8205,1
9659,0
1684,1
7436,1
6024,0
11783,0
11500,0
6988,1
1891,0
2739,0
805,1
14161,0
12123,1
13277,1
15174,1
8127,0
12289,1
8433,0
14743,1
11238,0
13101,0
13347,0
9559,1
8298,1
14903,0
5049,1
13111,1
2514,0
14215,0
945,0
12211,0
8987,0
6561,0
15293,0
5778,0
3887,0
13697,1
2953,0
10416,0
9551,0
8347,0
2988,0
9584,1
15405,0
15500,0
1553,0
144,0
9865,0
4938,1
2447,0
5286,1
13281,0
11851,0
8638,0
11875,1
6044,1
15010,0
5475,1
5565,1
7409,0
7846,0
3522,1
14184,0
3593,0
7726,0
6340,1
107,1
11618,0
8996,0
4176,0
1833,0
11518,0
2885,1
12740,1
11249,0
14267,1
3923,0
14059,0
11204,1
9638,0
14867,0
2218,0
43,0
15386,0
3839,1
4168,1
6834,0
4862,1
3427,0
8315,0
7816,0
9378,1
13049,0
702,0
3544,0
2377,0
2997,0
1372,0
4198,0
7570,0
15855,1
4836,0
869,0
2169,1
9057,0
3025,0
397,1
15928,0
797,1
13078,0
8511,0
10250,0
15751,0
7674,1
1439,0
2759,0
6707,0
8171,1
12363,0
3154,0
11934,0
7882,0
15896,0
6677,0
3567,0
8091,0
13502,1
623,0
8663,0
5421,0
15717,0
12119,0
4017,1
12188,0
711,0
9002,0
7440,0
12505,0
7371,0
14698,1
4626,0
598,1
4951,0
2173,0
4797,0
460,1
10700,0
2486,0
5925,0
6476,1
7796,1
2243,1
3877,0
68,0
15790,0
4242,0
7404,0
1549,0
10650,0
2887,1
14357,1
14026,1
14293,0
7234,0
3802,0
15102,0
5538,0
7173,0
837,1
6627,1
4510,0
13679,1
5008,0
5444,0
13166,1
11106,1
10850,0
15195,0
14775,0
12441,0
3944,0
13330,0
14189,0
15861,1
10391,0
11389,1
123,0
15579,1
10987,0
9469,0
5741,0
11242,0
3759,1
305,0
14546,1
941,0
11096,1
15719,1
10948,0
14660,1
15484,0
15255,1
10859,1
7396,0
3161,0
12347,1
10793,0
5275,1
13884,0
15812,0
13193,1
6959,1
13035,1
6194,0
14868,0
9632,0
14063,0
3846,0
7604,0
6396,1
455,0
983,0
12744,0
514,0
14316,0
12362,0
3686,0
10926,0
2298,0
435,0
2106,1
8097,0
12133,0
6588,1
6761,0
4123,0
13682,0
13635,1
5380,0
4636,0
14688,0
7638,0
12398,0
11097,0
11371,0
5456,1
15931,1
10903,0
15605,0
14320,0
13487,0
4352,0
3095,0
2590,0
3059,0
7290,1
9183,0
11347,0
1103,1
8292,1
10355,1
12992,0
7353,1
13123,1
8584,0
13003,0
5976,0
14644,1
2858,0
9740,0
13432,0
11661,0
427,0
9506,0
9541,0
14766,0
3425,0
6885,0
10939,1
10555,1
5243,1
10125,0
9274,1
7006,1
352,1
6160,0
14462,0
7052,1
1712,0
8224,0
14610,1
8165,0
2620,1
10744,0
2666,0
3069,0
6878,0
9533,1
14465,0
13987,0
5721,0
6122,0
7931,0
7042,1
4804,1
12534,0
2459,0
12383,0
22,0
5582,1
6304,1
9846,0
4772,1
14794,0
5844,1
10030,1
4845,0
11979,1
15795,1
4720,1
7817,1
13754,0
915,1
8920,1
5235,0
8766,0
14429,1
12010,0
4495,1
8938,1
4528,0
7314,1
3849,1
4156,0
8525,1
15628,0
8988,0
9222,0
7671,0
15050,0
13009,0
15179,0
15282,0
5168,0
2768,0
2822,0
9137,0
1174,1
1578,0
3088,0
1993,1
14783,0
2547,0
4933,0
5839,1
10447,0
15657,0
12583,1
5572,1
13994,1
7824,0
13765,1
9727,0
15315,0
5036,0
5787,0
9703,0
9697,1
11365,0
12128,0
372,0
10754,0
3397,0
14860,1
8557,0
10832,0
15517,0
4271,0
6308,1
862,1
7168,0
8272,0
13614,0
10717,0
10283,0
5418,1
11388,1
15361,1
4264,1
15335,1
694,1
8650,0
14002,0
10464,1
9526,1
14080,1
5654,1
9776,0
9180,0
126,0
8516,0
3668,1
13569,1
11556,1
57,1
5222,0
6405,0
4235,0
3196,0
14492,1
12651,1
3956,1
4186,0
13013,0
611,0
958,1
4715,1
2984,0
4075,0
13937,0
2414,0
10851,0
8990,0
6402,0
12647,0
1912,0
14993,0
358,0
151,0
3641,0
10722,0
12406,1
7656,1
5824,0
7685,0
10810,0
4406,0
6470,1
7240,1
12238,0
14321,1
3503,1
743,1
12633,0
3336,0
13570,0
10540,0
4245,0
9277,0
757,0
3079,1
1222,1
5165,1
1502,0
4486,0
4285,1
8623,0
10374,0
5072,1
14582,1
11231,0
2171,0
9286,0
7237,1
7850,0
5348,0
12026,1
6854,1
11613,0
15780,0
2891,0
4928,1
2710,1
12299,0
13876,1
15633,1
8286,0
8591,1
2856,1
7330,1
12028,0
7425,0
3329,0
12956,0
7764,0
7669,1
9447,1
14487,1
1471,0
5550,0
2581,0
13715,1
12601,0
969,1
6361,0
5718,0
13388,0
10463,1
14637,1
4277,0
10015,0
14831,1
3404,1
12074,1
12313,0
4007,0
4547,0
4448,0
13150,0
15074,1
15663,0
6543,1
3393,0
6247,0
8006,0
10924,0
7,1
14453,1
7589,0
777,0
5636,0
8696,0
6828,0
418,0
7465,1
11704,0
2116,1
11017,0
2224,1
7488,0
13122,1
11882,0
4611,1
8265,0
7961,0
4733,1
13667,1
8517,1
8329,1
6534,1
4827,0
8156,0
13310,0
9302,0
3464,0
13434,0
14530,0
7632,0
5440,0
4770,1
13601,1
14510,1
4082,1
5108,0
7959,0
5846,0
7150,0
5639,0
14272,0
4130,0
11490,0
11129,1
4121,0
4222,0
15723,0
2535,1
11064,0
10420,0
10559,1
6784,1
13268,0
9969,0
76,0
348,1
1545,1
5996,0
3930,0
11110,1
3766,0
14283,1
15297,0
2468,0
4890,1
9391,0
1563,0
3366,1
13645,1
11942,1
15498,0
2207,0
3981,0
3511,0
10631,1
1011,0
15988,1
124,1
12754,1
6494,0
14959,1
12182,0
8497,0
12448,0
8962,0
6004,1
11630,0
4860,1
14210,1
9770,0
4476,0
4467,0
13855,0
9879,0
6656,1
6802,1
4821,0
7513,0
6868,1
10175,1
9644,1
1571,1
8048,1
15684,1
2170,1
5877,0
643,0
6670,0
14943,0
6960,1
1633,0
7097,1
14447,0
7259,1
4791,0
4369,1
2263,1
2492,0
7798,0
5318,1
2534,0
561,0
1494,0
6282,0
337,0
4455,0
10582,0
11945,1
1690,1
6394,1
14394,1
6625,0
10173,0
10430,0
1038,0
5274,0
6310,0
9073,0
257,0
10191,0
6698,1
5066,0
8150,1
11044,0
11831,1
2730,0
3899,0
15691,0
15452,0
5529,0
5099,0
6843,0
9944,0
14618,1
3178,1
7909,1
4828,0
6343,0
9325,0
1390,0
10707,1
13326,0
10013,0
8106,0
8450,1
13141,0
12953,0
8878,0
9582,1
7880,1
1717,1
2130,0
39,1
11676,0
15614,0
13142,1
13037,1
5384,0
3170,0
3250,0
9173,0
11524,0
3143,0
12850,1
1247,0
15706,0
31,0
10849,1
83,0
14539,0
14128,0
3936,1
379,1
10969,0
5062,0
15879,0
1959,1
2838,0
14445,0
11927,1
9862,1
137,0
14476,1
1522,1
8259,0
3681,1
11762,1
8787,0
5019,1
9794,1
12914,1
7512,1
15532,1
8177,0
3363,0
10697,1
7433,1
2558,1
2115,1
359,0
4773,0
4062,0
8789,1
12937,0
13967,1
7994,0
9239,0
8963,1
6273,0
7722,1
9585,1
4146,1
10790,0
11675,0
1797,0
12303,0
4206,0
9801,0
5104,0
2690,0
3972,0
9069,1
10649,0
15294,0
6915,1
3473,0
3634,0
9435,0
11260,1
13858,1
3072,0
12301,1
2634,1
5742,1
6709,0
13931,1
8819,0
7617,0
12344,1
3482,0
6563,0
6996,1
3248,0
3043,1
12877,0
15760,1
1135,0
12902,1
8314,0
4048,0
3252,1
10748,0
12466,0
11115,0
12045,0
13231,1
9210,0
12516,0
285,0
3927,1
11825,0
10890,0
1810,0
899,0
6958,1
15805,1
1356,1
2628,0
6355,1
7261,0
2642,1
7394,0
5358,0
12936,1
13339,0
12376,0
13547,1
5852,0
11954,1
6995,0
6156,1
6519,1
15643,0
13449,0
15744,0
324,0
9315,1
8065,0
11114,1
313,0
724,0
13116,0
12396,1
8498,1
7429,1
4497,0
7245,1
4637,0
15621,0
5793,0
10937,0
3970,0
8880,0
3996,0
1592,0
11473,0
14730,0
62,0
3940,0
7624,0
1061,0
6345,0
13619,1
13115,0
13215,0
5460,0
8562,0
3333,0
6752,0
11598,0
13828,0
6740,1
13655,1
14782,0
13225,1
6187,0
6920,0
1963,0
1498,1
10780,0
12643,0
12722,1
13661,1
12070,1
13695,1
14858,0
7012,1
14319,1
5070,1
1293,0
14170,0
4617,0
13584,0
9283,0
3803,1
8352,0
12802,0
8066,1
10044,1
12996,0
11857,1
4334,1
1286,0
11088,1
3063,0
12451,0
11849,0
7538,1
12443,0
3891,1
1768,1
1258,1
2347,0
15254,0
9393,1
8149,1
15355,0
14896,0
11015,0
8876,0
4035,0
130,0
10264,0
7847,0
5649,1
9608,0
15971,0
788,0
10356,1
3255,0
12365,0
6441,1
13436,0
8476,0
11185,1
2072,0
12025,1
5277,0
11923,0
14875,0
5073,1
10772,1
6384,0
12228,0
15908,1
1219,0
8316,1
2763,0
2833,1
1269,1
7312,0
2500,0
6100,1
13565,1
4061,0
14344,0
9822,1
11121,0
6503,0
13363,1
9908,0
11543,0
14366,0
1048,1
9897,1
8843,0
10870,0
12032,0
10424,0
12317,0
174,0
9519,1
1173,0
14464,0
4091,1
13042,0
15932,1
4261,0
12147,0
454,0
6268,0
6200,1
5706,0
12409,0
10972,1
8979,0
4892,0
13301,1
13950,0
8152,0
9476,0
4175,1
9677,0
9297,0
3097,0
14774,1
15082,1
11027,0
12602,1
4937,0
13117,1
4648,0
15548,0
2594,1
13764,0
14721,0
4995,0
12775,0
14458,1
7253,1
10856,1
4526,0
1064,0
5167,1
15178,1
9280,0
15956,1
11385,0
12667,0
2672,1
13314,0
7657,1
944,0
6438,0
15172,0
8043,0
14346,0
3277,1
803,1
2769,0
7121,0
15115,0
6984,1
10384,1
14249,1
13844,1
3683,0
6565,0
4913,0
4459,1
14820,0
9695,1
7257,1
6014,0
4097,0
3319,1
6612,0
8299,0
3140,1
8733,0
7420,0
14752,0
10285,0
11304,1
10834,1
7341,0
7548,0
5296,0
6174,0
11176,1
4697,0
6423,0
15714,0
13106,0
3649,0
11255,0
1101,0
6173,0
10712,0
13888,1
2176,0
12579,0
3787,1
5067,1
4983,1
7529,0
2755,1
11689,1
7828,0
5637,1
12094,0
2199,1
9241,0
5453,0
119,1
3654,0
6475,0
3082,0
3173,1
8342,1
4984,1
1194,1
2848,1
7160,1
9968,0
13183,0
10235,1
6436,0
6595,0
12532,1
5174,0
9339,0
14498,0
13033,0
6150,0
7190,0
12578,0
9375,0
6730,0
12567,1
4117,0
13255,1
5635,1
12561,1
9368,0
2258,0
5597,0
8268,0
192,0
9011,0
8203,1
8376,0
5756,1
10072,1
10320,0
14330,1
13212,0
4863,0
729,1
122,1
528,1
11514,1
9494,0
13623,1
12871,1
8595,0
12895,1
6130,0
650,1
9262,0
10888,0
8934,0
13249,0
369,0
5157,0
720,1
4371,0
6434,1
5492,0
4746,0
14085,0
7646,1
9267,0
5280,1
13952,1
10730,0
9059,1
10193,0
14509,0
857,1
4354,1
2076,0
10689,0
11202,1
8389,1
4939,1
5583,0
2513,0
10178,1
15338,0
13328,0
8648,0
10676,1
8707,1
8002,1
14446,1
752,0
10037,0
11108,0
5606,0
8665,0
8175,1
13465,1
7843,0
12655,1
9046,1
15608,1
10096,0
14220,0
15555,1
3,0
8079,1
820,0
13493,0
9229,1
9483,1
15911,0
13974,0
5109,0
8618,1
13856,0
14973,1
15374,1
1904,0
13702,0
10653,1
627,1
3717,1
4263,0
2489,0
3280,0
8354,0
11125,1
10506,1
5699,0
8823,0
13283,0
2860,1
15377,0
13007,0
10273,1
7794,0
4544,0
6264,0
3008,0
14070,1
4940,1
4726,0
4487,1
2141,1
14702,0
6481,0
477,0
3083,1
11512,0
7437,0
1857,1
14314,0
11196,0
12859,1
9451,0
15893,1
5219,1
389,0
14877,1
8902,0
5240,1
1928,0
907,0
8791,1
5602,0
3086,0
6128,0
7595,0
1143,0
6850,0
5464,0
8573,0
14687,1
2186,0
5500,0
5993,0
1495,1
11375,0
2214,1
1353,1
1868,1
3828,0
5862,0
15851,0
653,1
3626,0
15240,0
6687,0
8024,0
7299,0
7211,1
9014,0
12157,1
4796,0
7068,0
3030,1
12487,1
8621,1
14696,0
10882,0
14239,0
3195,0
3876,0
8115,1
9583,0
4634,0
4135,1
7730,0
2081,0
13000,0
15993,1
10581,0
13312,1
4947,0
11716,0
14856,0
15209,0
4824,0
2330,0
11192,1
4024,0
1149,0
4140,1
15357,1
11913,1
8603,0
4125,0
4112,0
6689,1
7983,0
4471,1
1146,0
8509,1
10628,1
11794,1
14764,1
8706,0
10068,0
11386,0
3516,1
5885,0
933,0
286,0
8000,0
2655,1
15610,1
9577,0
15961,1
10080,0
14297,0
9096,1
6990,0
8588,1
5865,0
5172,0
7123,1
11411,0
7039,0
12882,0
11397,0
3126,0
12556,0
10157,0
5902,0
11516,0
5567,1
9915,0
15743,0
14207,0
6900,0
2249,1
177,0
13031,0
5144,0
2061,0
14421,0
6695,1
4141,1
8112,0
10698,0
408,0
11919,0
5258,1
9943,0
1546,0
6976,1
11579,0
9452,0
8016,0
13540,0
6628,1
9694,0
12497,0
10480,0
3800,1
4736,1
3767,1
2818,0
2783,1
13769,0
3175,1
451,0
2385,0
154,1
15674,1
11117,0
12538,0
3406,0
7650,1
1779,1
575,1
4774,0
5543,0
4482,1
14225,0
15277,1
492,0
12380,1
9065,1
6139,0
3189,0
7037,1
14482,1
112,0
10718,0
1477,0
7993,1
8946,1
13572,0
442,1
2865,1
14946,0
13378,0
5886,1
2996,0
14846,1
14921,1
7523,1
4694,1
649,1
15733,0
12649,1
12132,0
5700,0
7668,1
10203,0
12847,1
1625,1
14286,0
9970,1
3368,1
1865,1
14119,1
13625,0
3312,0
6035,0
10504,1
1602,0
5058,0
4921,0
9484,0
5524,0
378,1
15288,1
6105,0
7056,0
13248,0
14226,0
9787,0
5497,0
5401,0
14461,1
12955,1
8889,1
9213,0
2778,0
13741,0
13099,0
11136,1
8544,1
3465,1
8090,1
6928,0
9591,0
5868,1
6480,0
9715,1
7844,1
13395,1
12657,1
3951,0
7287,0
1016,1
10228,1
13929,0
10915,1
1847,1
10205,1
9232,0
5345,1
9436,1
13147,0
13838,0
9961,0
2982,0
2611,0
2829,0
10615,1
2723,0
14751,0
11070,0
6948,1
5169,0
4594,0
3538,1
12069,0
13044,0
11038,0
10118,0
9376,0
6699,1
3284,0
1120,1
15111,1
14937,0
1491,0
4346,0
4077,0
9746,0
3769,0
2785,0
10296,0
10084,0
6452,0
8969,0
14608,0
12665,0
11504,0
12229,0
5074,0
3168,0
1275,0
13529,0
9158,1
9503,1
3754,0
8249,1
4118,0
2465,0
5619,1
4962,1
13898,0
4504,0
12726,0
13232,0
15936,0
15543,1
14986,0
2064,0
47,0
11158,0
10490,1
4584,0
8451,1
10855,1
6879,0
4322,0
7443,1
6591,0
13155,0
4685,1
11509,0
3107,0
7474,0
9524,1
10128,0
10317,0
6032,0
5554,1
6223,0
13274,0
4912,0
985,0
3918,0
10454,0
15658,0
10045,1
13553,0
10255,0
1838,0
8924,0
4213,1
8212,0
14473,0
10472,1
219,0
5254,0
2965,1
2711,0
3337,0
13066,0
3733,1
7431,0
7179,0
3819,1
5796,0
4174,1
6346,0
771,1
1309,0
3309,1
15461,0
5739,0
4029,0
11139,0
8597,1
2691,0
12144,0
5454,0
15252,1
8182,0
2613,0
2185,1
4848,1
4001,1
5209,1
7496,1
9699,0
9933,0
12041,0
2313,0
9054,1
5097,1
14869,0
511,1
2880,0
8949,1
10360,0
14163,1
1900,0
12518,0
8145,1
7137,0
7718,0
1897,0
9284,0
589,1
11408,1
5283,0
13285,0
11844,1
878,0
6542,0
15089,0
9568,1
1085,0
11444,0
11841,1
14038,0
14029,1
339,0
10889,0
4357,0
2038,0
9959,0
5091,0
13684,0
12969,0
8240,1
8654,0
2374,1
2949,0
3028,0
3036,0
13568,0
15607,0
8176,1
13615,0
9235,1
13919,1
2977,1
14337,0
14212,0
3907,0
15368,1
1317,0
2409,0
14865,0
6010,0
1619,0
11769,1
15492,1
3184,0
4494,0
10775,0
13236,1
8684,0
9810,0
363,0
7156,1
14556,1
10592,1
1330,0
2316,1
14078,1
12737,0
7403,0
3311,1
7073,0
2232,1
527,0
8455,0
14192,1
3748,0
13375,1
3507,1
3411,1
14550,1
9211,1
7614,0
383,0
10565,1
10449,1
1031,0
7855,0
861,0
12156,0
4969,1
5759,1
11863,0
2053,0
14393,1
13383,0
2943,0
10393,0
12003,0
5052,0
10479,1
15521,0
12402,0
2630,1
11167,0
2100,0
11087,1
14507,0
2003,1
4305,0
9894,0
2339,1
5764,0
9119,0
6376,1
10794,1
15185,0
12273,1
9742,1
12171,1
6092,0
10964,0
12619,1
5313,0
9439,0
4570,1
923,0
1943,0
3121,0
8387,0
11102,0
833,1
8468,0
8478,0
15071,0
12533,0
9160,0
13542,0
8500,1
9029,0
8018,1
5621,0
8959,0
13189,1
5687,1
1431,0
7008,0
1384,1
10087,1
12419,0
11040,0
14237,0
11729,0
3407,1
800,0
13159,1
6080,0
11429,1
2871,0
4033,1
3049,0
11790,0
5488,0
13164,0
14224,1
10516,1
12967,0
8895,1
10774,0
14627,1
4189,0
2532,0
453,1
11134,0
10468,1
4603,0
8619,0
11536,1
13399,0
6457,0
13065,0
14382,0
6006,1
11147,0
8689,0
3794,1
8757,1
7857,0
9733,1
2955,0
9512,0
11001,0
10734,0
14642,1
1796,0
15550,0
1129,0
10352,1
10081,1
5272,1
15748,0
9563,0
14951,0
11005,0
12054,0
4069,1
14223,0
11710,1
5795,0
13790,0
6602,0
4355,0
14547,0
15449,0
15538,0
1067,1
10798,0
12875,0
15098,1
13419,1
2910,0
13191,1
7005,0
13112,0
12335,0
15944,0
7099,0
6899,0
12186,0
685,0
6775,1
4072,0
13019,0
10200,1
11921,1
3778,1
14356,1
1053,0
12300,0
903,0
8081,1
11593,1
13200,0
12423,1
4522,0
13130,1
12368,0
8944,0
9218,0
7260,0
11277,0
1765,0
6833,1
15982,0
9808,0
6011,0
472,0
12905,0
4798,0
12260,0
11483,0
15941,1
10527,1
12920,1
4563,0
10982,0
3198,0
13463,0
11776,1
4568,0
3474,0
7296,0
4475,1
15872,0
14392,0
1675,1
9824,0
80,0
5232,1
7896,0
8985,0
3689,0
13821,1
894,0
14537,0
12457,0
9458,0
13097,1
10439,0
7791,0
9876,0
7040,1
15504,0
6804,1
4705,0
5128,0
2242,1
14633,0
10830,1
2401,1
12058,1
1686,0
13284,0
3768,0
11188,1
6408,0
10113,0
6811,1
897,0
14018,0
6652,0
12729,0
5509,0
6211,1
6765,1
5229,0
2597,0
15827,0
2278,0
13175,0
15411,0
276,1
1109,0
4628,1
10241,0
2293,0
6680,0
4597,0
1203,1
4328,1
10429,0
8790,1
10354,0
8466,1
15025,0
5076,1
7701,0
15829,0
1946,0
1798,0
6872,0
7514,1
2471,1
2894,0
5282,1
14323,0
11521,1
4414,0
2753,0
15479,1
731,0
1734,1
7395,1
1719,1
9142,0
10027,0
12427,0
8900,0
2940,0
10014,0
12537,0
7362,0
1466,0
3592,0
12944,0
14640,0
9434,1
13926,1
12217,1
4129,1
14491,1
2455,1
3169,1
3122,1
15604,1
11353,0
153,1
13870,0
5040,0
10237,0
1855,0
13965,1
231,1
15136,0
1883,1
2476,0
738,1
5050,1
7810,1
13431,0
2866,0
10340,0
11439,1
3954,0
3708,1
12837,1
265,1
3400,0
3471,1
8851,1
7887,0
2090,0
1581,0
1098,0
11380,1
8442,0
9428,1
7926,0
10469,1
7981,1
4433,1
8246,0
10618,0
6418,0
3273,0
4028,1
4338,0
5316,1
12974,0
952,0
9671,0
9642,0
6901,1
8440,0
1321,0
13840,1
9991,0
1272,0
10109,1
5495,0
4411,1
7094,0
13001,0
9478,0
8578,0
3047,1
1263,1
5055,0
5261,0
6262,0
2570,0
8168,1
10634,0
2646,1
1902,1
7553,0
956,1
12329,0
924,0
3959,0
4662,0
15133,0
7643,0
8522,0
8394,0
9983,1
14296,0
9099,0
2912,1
15259,0
14827,0
4577,0
6630,0
7482,0
15509,0
13223,1
15291,1
4537,0
3701,0
7327,0
6755,0
12234,0
14651,1
2309,1
1596,0
4410,0
6721,1
9085,0
11805,0
7708,0
8613,1
1537,0
11023,1
4430,0
1543,1
1487,0
12756,1
15447,0
8341,1
4838,0
2916,1
247,0
8388,0
4934,1
2521,1
7884,0
1394,0
6771,0
2019,0
6547,0
1694,1
2688,1
9299,1
13061,0
15842,0
13804,0
11700,1
1671,1
1257,1
11734,0
9077,0
7706,0
2731,0
10153,1
14720,1
8319,0
5834,0
11664,0
8375,0
3490,0
7163,1
11547,0
608,0
11069,1
1324,1
11215,1
5842,0
4644,0
6852,0
10852,0
4014,1
14154,0
1704,1
2846,1
6865,1
412,0
6231,0
11603,1
11173,0
8009,0
11502,1
9656,1
13930,0
10275,0
7623,0
7069,1
6800,0
3011,1
9245,1
9989,0
5901,1
15316,0
6972,0
15541,0
14291,0
6917,0
5161,0
3364,0
10415,0
8334,0
677,0
9122,1
6697,1
3242,1
12150,0
8480,1
3442,0
8385,0
1102,0
4232,1
4641,0
4608,0
1788,0
