status,duration,credit_history,purpose,amount,savings,employment_duration,installment_rate,personal_status_sex,other_debtors,present_residence,property,age,other_installment_plans,housing,number_credits,job,people_liable,telephone,foreign_worker,credit_risk
2,6,1,4,1169,1,5,4,5,1,4,4,67,3,3,2,3,1,2,1,1
3,48,3,4,5951,2,3,2,2,1,2,4,22,3,3,1,3,1,1,1,0
1,12,1,7,2096,2,4,2,5,1,3,4,49,3,3,1,2,2,1,1,1
2,42,3,3,7882,2,4,2,5,3,4,3,45,3,1,1,3,2,1,1,1
2,24,0,1,4870,2,3,3,5,1,4,1,53,3,1,2,3,2,1,1,0
1,36,3,7,9055,1,3,2,5,1,4,1,35,3,1,1,2,2,2,1,1
1,24,3,3,2835,4,5,3,5,1,4,3,53,3,3,1,3,1,1,1,1
3,36,3,2,6948,2,3,2,5,1,2,2,35,3,2,1,4,1,2,1,1
1,12,3,4,3059,5,4,2,1,1,4,4,61,3,3,1,2,1,1,1,1
3,30,1,1,5234,2,1,4,3,1,2,2,28,3,3,2,4,1,1,1,0
3,12,3,1,1295,2,2,3,2,1,1,2,25,3,2,1,3,1,1,1,0
2,48,3,10,4308,2,2,3,2,1,4,3,24,3,2,1,3,1,1,1,0
3,12,3,4,1567,2,3,1,2,1,1,2,22,3,3,1,3,1,2,1,1
2,24,1,1,1199,2,5,4,5,1,4,2,60,3,3,2,2,1,1,1,0
2,15,3,1,1403,2,3,2,2,1,4,2,28,3,2,1,3,1,1,1,1
2,24,3,4,1282,3,3,4,2,1,2,2,32,3,3,1,2,1,1,1,0
1,24,1,4,2424,1,5,4,5,1,4,3,53,3,3,2,3,1,1,1,1
2,30,2,10,8072,1,2,2,5,1,3,2,25,1,3,3,3,1,1,1,1
3,24,3,2,12579,2,5,4,2,1,2,1,44,3,1,1,4,1,2,1,0
1,24,3,4,3430,4,5,3,5,1,2,2,31,3,3,1,3,2,2,1,1
1,9,1,1,2134,2,3,4,5,1,4,2,48,3,3,3,3,1,2,1,1
2,6,3,4,2647,4,3,2,5,1,3,4,44,3,2,1,3,2,1,1,1
2,10,1,1,2241,2,2,1,5,1,3,4,48,3,2,2,2,2,1,2,1
3,12,1,2,1804,3,2,3,5,1,4,3,44,3,3,1,3,1,1,1,1
1,10,1,3,2069,1,3,2,3,1,1,2,26,3,3,2,3,1,1,2,1
2,6,3,3,1374,2,3,1,5,1,2,4,36,1,3,1,2,1,2,1,1
1,6,2,4,426,2,5,4,3,1,4,2,39,3,3,1,2,1,1,1,1
4,12,4,4,409,5,3,3,2,1,3,4,42,3,2,2,3,1,1,1,1
3,7,3,4,2415,2,3,3,5,3,2,4,34,3,3,1,3,1,1,1,1
2,60,0,10,6836,2,5,3,5,1,4,1,63,3,3,2,3,1,2,1,0
3,18,3,10,1913,5,2,3,3,1,3,4,36,1,3,1,3,1,2,1,1
2,24,3,3,4020,2,3,2,5,1,2,2,27,2,3,1,3,1,1,1,1
3,18,3,1,5866,3,3,2,5,1,2,2,30,3,3,2,3,1,2,1,1
1,12,1,10,1264,1,5,4,5,1,4,1,57,3,2,1,2,1,1,1,1
4,12,3,3,1474,2,2,4,2,1,1,3,33,1,3,1,4,1,2,1,1
3,45,1,4,4746,2,2,4,5,1,2,3,25,3,3,2,2,1,1,1,0
1,48,1,7,6110,2,3,1,5,1,3,1,31,1,1,1,3,1,2,1,1
4,18,3,4,2100,2,3,4,5,2,2,4,37,2,3,1,3,1,1,1,0
4,10,3,5,1225,2,3,2,5,1,2,2,37,3,3,1,3,1,2,1,1
3,9,3,4,458,2,3,4,5,1,3,4,24,3,3,1,3,1,1,1,1
1,30,3,4,2333,4,5,4,5,1,2,2,30,1,3,1,4,1,1,1,1
3,12,3,4,1158,4,3,3,1,1,1,2,26,3,3,1,3,1,2,1,1
3,18,0,6,6204,2,3,2,5,1,4,4,44,3,3,1,2,2,2,1,1
2,30,1,2,6187,3,4,1,3,1,4,2,24,3,2,2,3,1,1,1,1
2,48,1,2,6143,2,5,4,2,1,4,1,58,2,1,2,2,1,1,1,0
1,11,1,1,1393,2,2,4,2,1,4,2,35,3,3,2,4,1,1,1,1
1,36,3,4,2299,4,5,4,5,1,4,2,39,3,3,1,3,1,1,1,1
2,6,3,2,1352,4,1,1,2,1,2,3,23,3,2,1,1,1,2,1,1
1,11,1,1,7228,2,3,1,5,1,4,3,39,3,3,2,2,1,1,1,1
1,12,3,4,2073,3,3,4,2,2,2,4,28,3,3,1,3,1,1,1,1
3,24,0,3,2333,1,2,4,5,1,2,3,29,1,3,1,2,1,1,1,1
3,27,0,2,5965,2,5,1,5,1,2,2,30,3,3,2,4,1,2,1,1
1,12,3,4,1262,2,3,3,5,1,2,2,25,3,3,1,3,1,1,1,1
1,18,3,2,3378,1,3,2,5,1,1,3,31,3,3,1,3,1,2,1,1
3,36,0,1,2225,2,5,4,5,1,4,1,57,1,1,2,3,1,2,1,0
1,6,4,1,783,1,3,1,5,3,2,4,26,2,3,1,2,2,1,1,1
3,12,3,4,6468,1,1,2,5,1,1,1,52,3,3,1,4,1,2,1,0
1,36,1,4,9566,2,3,2,2,1,2,2,31,2,3,2,3,1,1,1,1
4,18,3,1,1961,2,5,3,2,1,2,2,23,3,3,1,4,1,1,1,1
2,36,1,3,6229,2,2,4,2,2,4,1,23,3,2,2,2,1,2,1,0
3,9,3,10,1391,2,3,2,3,1,1,4,27,1,3,1,3,1,2,1,1
3,15,1,4,1537,1,5,4,5,3,4,4,50,3,3,2,3,1,2,1,1
3,36,2,10,1953,2,5,4,5,1,4,1,61,3,1,1,4,1,2,1,0
3,48,2,10,14421,2,3,2,5,1,2,2,25,3,3,1,3,1,2,1,0
1,24,3,4,3181,2,2,4,2,1,4,3,26,3,3,1,3,1,2,1,1
1,27,3,6,5190,1,5,4,5,1,4,3,48,3,3,4,3,2,2,1,1
1,12,3,4,2171,2,2,2,2,1,2,2,29,1,3,1,3,1,1,1,1
3,12,3,1,1007,5,3,4,3,1,1,4,22,3,3,1,3,1,1,1,1
1,36,3,7,1819,2,3,4,5,1,4,1,37,2,1,1,3,1,2,1,0
1,36,3,4,2394,1,3,4,2,1,4,2,25,3,3,1,3,1,1,1,1
1,36,3,2,8133,2,3,1,2,1,2,3,30,1,3,1,3,1,1,1,1
1,7,1,4,730,1,5,4,5,1,2,3,46,3,2,2,2,1,2,1,1
2,8,1,0,1164,2,5,3,5,1,4,1,51,1,1,2,4,2,2,1,1
3,42,1,10,5954,2,4,2,2,1,1,4,41,1,3,2,2,1,1,1,1
2,36,3,7,1977,1,5,4,5,1,4,1,40,3,3,1,4,1,2,1,0
2,12,1,2,1526,2,5,4,5,1,4,1,66,3,1,2,4,1,1,1,1
2,42,3,4,3965,2,2,4,5,1,3,2,34,3,3,1,3,1,1,1,0
3,11,0,4,4771,2,4,2,5,1,4,3,51,3,3,1,3,1,1,1,1
1,54,2,2,9436,1,3,2,5,1,2,3,39,3,3,1,2,2,1,1,1
3,30,3,3,3832,2,2,2,3,1,1,3,22,3,3,1,3,1,1,1,1
1,24,3,4,5943,1,2,1,2,1,1,2,44,3,3,2,3,1,2,1,0
1,15,3,4,1213,4,5,4,5,1,3,3,47,2,3,1,3,1,2,1,1
1,18,3,10,1568,3,3,3,2,1,4,3,24,3,2,1,2,1,1,1,1
2,24,3,0,1755,2,5,4,2,3,4,4,58,3,3,1,2,1,2,1,1
2,10,3,4,2315,2,5,3,5,1,4,4,52,3,3,1,2,1,1,1,1
1,12,1,10,1412,2,3,4,2,3,2,4,29,3,3,2,4,1,2,1,1
3,18,1,3,1295,2,2,4,2,1,1,3,27,3,3,2,3,1,1,1,1
3,36,3,7,12612,3,3,1,5,1,4,1,47,3,1,1,3,2,2,1,0
2,18,3,1,2249,3,4,4,5,1,3,2,30,3,3,1,4,2,2,1,1
2,12,2,6,1108,2,4,4,5,1,3,4,28,3,3,2,3,1,1,1,0
1,12,1,4,618,2,5,4,5,1,4,4,56,3,3,1,3,1,1,1,1
2,12,1,2,1409,2,5,4,5,1,3,4,54,3,3,1,3,1,1,1,1
1,12,1,4,797,1,5,4,2,1,3,3,33,1,3,1,2,2,1,1,0
4,24,1,3,3617,1,5,4,5,2,4,1,20,3,2,2,3,1,1,1,1
3,12,3,1,1318,5,5,4,5,1,4,4,54,3,3,1,3,1,2,1,1
3,54,2,10,15945,2,2,3,5,1,4,1,58,3,2,1,3,1,2,1,0
1,12,1,7,2012,1,4,4,2,1,2,2,61,3,3,1,3,1,1,1,1
3,18,3,10,2622,3,3,4,5,1,4,2,34,3,3,1,3,1,1,1,1
3,36,1,4,2337,2,5,4,5,1,4,4,36,3,3,1,3,1,1,1,1
3,20,0,2,7057,1,4,3,5,1,4,3,36,1,2,2,4,2,2,1,1
1,24,3,1,1469,3,5,4,3,1,4,4,41,3,2,1,2,1,1,1,1
3,36,3,4,2323,2,4,4,5,1,4,2,24,3,2,1,3,1,1,1,1
1,6,0,4,932,2,3,3,2,1,2,4,24,3,3,1,3,1,1,1,1
3,9,1,3,1919,2,4,4,5,1,3,2,35,3,2,1,3,1,2,1,1
1,12,3,2,2445,1,2,2,3,1,4,2,26,3,2,1,3,1,2,1,1
3,24,1,0,11938,2,3,2,5,2,3,2,39,3,3,2,4,2,2,1,0
1,18,4,1,6458,2,5,2,5,1,4,1,39,1,3,2,4,2,2,1,0
3,12,3,1,6078,2,4,2,5,1,2,2,32,3,3,1,3,1,1,1,1
2,24,3,3,7721,1,2,1,2,1,2,3,30,3,3,1,3,1,2,2,1
3,14,3,10,1410,4,5,1,3,1,2,4,35,3,3,1,3,1,2,1,1
3,6,0,10,1449,3,5,1,1,1,2,2,31,1,3,2,3,2,1,1,1
4,15,3,7,392,2,2,4,2,1,4,3,23,3,2,1,3,1,2,1,1
3,18,3,1,6260,2,4,3,5,1,3,4,28,3,2,1,2,1,1,1,1
1,36,1,1,7855,2,3,4,2,1,2,4,25,2,3,2,3,1,2,1,0
2,12,3,4,1680,4,5,3,3,1,1,4,35,3,3,1,3,1,1,1,1
1,48,1,4,3578,1,5,4,5,1,1,4,47,3,3,1,3,1,2,1,1
2,42,3,4,7174,1,4,4,2,1,3,2,30,3,3,1,4,1,2,1,0
2,10,1,3,2132,1,2,2,2,2,3,4,27,3,2,2,3,1,1,2,1
2,33,1,3,4281,4,3,1,2,1,4,2,23,3,3,2,3,1,1,1,0
3,12,1,1,2366,4,4,3,1,1,3,2,36,3,3,1,4,1,2,1,1
2,21,3,4,1835,2,3,3,2,1,2,4,25,3,3,2,3,1,2,1,0
1,24,1,2,3868,2,5,4,2,1,2,2,41,3,2,2,4,1,2,1,1
1,12,3,3,1768,2,3,3,5,1,2,4,24,3,2,1,2,1,1,1,1
4,10,1,1,781,2,5,4,5,1,4,1,63,3,1,2,3,1,2,1,1
3,18,3,3,1924,1,2,4,2,1,3,4,27,3,2,1,3,1,1,1,0
2,12,1,1,2121,2,3,4,5,1,2,3,30,3,3,2,3,1,1,1,1
2,12,3,4,701,2,3,4,3,1,2,4,40,3,3,1,2,1,1,1,1
3,12,3,6,639,2,3,4,5,1,2,2,30,3,3,1,3,1,1,1,0
3,12,1,2,1860,2,1,4,5,1,2,2,34,3,3,2,4,1,2,1,1
2,12,1,1,3499,2,3,3,2,2,2,4,29,3,3,2,3,1,1,1,0
3,48,3,1,8487,1,4,1,2,1,2,2,24,3,3,1,3,1,1,1,1
2,36,0,7,6887,2,3,4,5,1,3,3,29,2,3,1,3,1,2,1,0
1,15,3,3,2708,2,2,2,5,1,3,3,27,1,3,2,2,1,1,1,1
1,18,3,3,1984,2,3,4,5,1,4,1,47,1,1,2,3,1,1,1,1
1,60,3,4,10144,3,4,2,2,1,4,4,21,3,3,1,3,1,2,1,1
1,12,1,4,1240,1,5,4,2,1,2,4,38,3,3,2,3,1,2,1,1
1,27,0,2,8613,5,3,2,5,1,2,2,27,3,3,2,3,1,1,1,1
3,12,3,4,766,4,3,4,5,1,3,4,66,3,3,1,2,1,1,1,0
3,15,1,4,2728,1,4,4,5,3,2,4,35,1,3,3,3,1,2,1,1
4,12,3,4,1881,2,3,2,2,1,2,2,44,3,2,1,2,1,2,1,1
4,6,3,1,709,5,2,2,3,1,2,4,27,3,3,1,1,1,1,2,1
3,36,3,4,4795,2,2,4,2,1,1,1,30,3,3,1,4,1,2,1,1
2,27,3,4,3416,2,3,3,5,1,2,2,27,3,3,1,4,1,1,1,1
2,18,3,3,2462,2,3,2,5,1,2,2,22,3,3,1,3,1,1,1,0
1,21,1,3,2288,2,2,4,2,1,4,3,23,3,3,1,3,1,2,1,1
3,48,4,10,3566,3,4,4,5,1,2,2,30,3,3,1,3,1,1,1,1
2,6,1,1,860,2,5,1,2,1,4,1,39,3,3,2,3,1,2,1,1
1,12,1,1,682,3,4,4,2,1,3,2,51,3,3,2,3,1,2,1,1
2,36,1,3,5371,2,3,3,5,3,2,3,28,3,3,2,3,1,1,1,1
1,18,1,4,1582,5,5,4,5,1,4,2,46,3,3,2,3,1,1,1,1
1,6,3,4,1346,3,5,2,5,1,4,1,42,1,1,1,3,2,2,1,1
1,10,3,4,1924,2,3,1,5,1,4,3,38,3,3,1,3,1,2,2,1
4,36,3,4,5848,2,3,4,5,1,1,2,24,3,3,1,3,1,1,1,1
3,24,1,2,7758,5,5,2,2,1,4,1,29,3,2,1,3,1,1,1,1
3,24,0,10,6967,3,4,4,5,1,4,2,36,3,2,1,4,1,2,1,1
2,12,3,3,1282,2,3,2,2,1,4,2,20,3,2,1,3,1,1,1,0
2,9,1,6,1288,3,5,3,5,3,4,4,48,3,3,2,3,2,1,2,1
2,12,4,9,339,2,5,4,3,1,1,2,45,1,3,1,2,1,1,1,1
3,24,3,1,3512,3,4,2,5,1,3,2,38,1,3,2,3,1,2,1,1
1,6,1,4,1898,1,3,1,5,1,2,4,34,3,3,2,2,2,1,1,1
1,24,1,4,2872,3,5,3,5,1,4,4,36,3,3,1,3,2,2,1,1
1,18,1,1,1055,2,2,4,2,1,1,3,30,3,3,2,3,1,1,1,1
1,15,3,5,1262,4,4,4,5,1,3,3,36,3,3,2,3,1,2,1,1
3,10,3,1,7308,2,1,2,5,1,4,1,70,1,1,1,4,1,2,1,1
1,36,3,1,909,4,5,4,5,1,4,3,36,3,3,1,3,1,1,1,1
1,6,3,3,2978,4,3,1,5,1,2,2,32,3,3,1,3,1,2,1,1
2,18,3,3,1131,2,1,4,2,1,2,2,33,3,3,1,3,1,1,1,0
3,11,3,3,1577,5,2,4,2,1,1,4,20,3,3,1,3,1,1,1,1
1,24,3,3,3972,2,4,2,2,1,4,3,25,3,2,1,3,1,2,1,1
3,24,1,10,1935,2,5,4,1,1,4,4,31,3,3,2,3,1,2,1,0
2,15,2,1,950,2,5,4,5,1,3,2,33,3,2,2,3,2,1,1,0
1,12,3,3,763,2,3,4,2,1,1,4,26,3,3,1,3,1,2,1,1
3,24,0,3,2064,2,1,3,2,1,2,3,34,3,3,1,4,1,2,1,0
3,8,3,4,1414,2,3,4,5,3,2,4,33,3,3,1,3,1,1,2,1
2,21,0,7,3414,2,2,2,5,1,1,3,26,3,3,2,3,1,1,1,0
1,30,4,2,7485,1,1,4,2,1,1,4,53,1,3,1,4,1,2,1,0
2,12,3,3,2577,2,3,2,1,1,1,2,42,3,3,1,3,1,1,1,1
2,6,1,4,338,4,5,4,5,1,4,2,52,3,3,2,3,1,1,1,1
1,12,3,4,1963,2,4,4,5,1,2,2,31,3,2,2,4,2,2,1,1
2,21,1,1,571,2,5,4,5,1,4,4,65,3,3,2,3,1,1,1,1
1,36,0,10,9572,2,2,1,1,1,1,2,28,3,3,2,3,1,1,1,0
3,36,0,10,4455,2,3,2,1,1,2,4,30,2,3,2,4,1,2,1,0
2,21,4,1,1647,1,3,4,5,1,2,3,40,3,3,2,2,2,1,1,0
1,24,1,3,3777,5,3,4,5,1,4,4,50,3,3,1,3,1,2,1,1
3,18,1,1,884,2,5,4,5,1,4,2,36,1,3,1,3,2,2,1,0
1,15,1,4,1360,2,3,4,5,1,2,3,31,3,3,2,3,1,1,1,1
3,9,4,2,5129,2,5,2,2,1,4,1,74,1,1,1,4,2,2,1,0
3,16,1,1,1175,2,1,2,5,1,3,2,68,3,1,3,1,1,2,1,1
2,12,3,4,674,3,4,4,3,1,1,3,20,3,3,1,3,1,1,1,0
3,18,2,3,3244,2,3,1,2,1,4,2,33,1,3,2,3,1,2,1,1
1,24,3,10,4591,5,3,2,5,1,3,3,54,3,3,3,4,1,2,1,0
3,48,2,10,3844,3,4,4,5,1,4,1,34,3,1,1,2,2,1,1,0
3,27,3,10,3915,2,3,4,5,1,2,2,36,3,3,1,3,2,2,1,0
1,6,3,4,2108,2,4,2,3,1,2,4,29,3,2,1,3,1,1,1,1
3,45,3,4,3031,3,3,4,5,3,4,3,21,3,2,1,3,1,1,1,0
3,9,1,7,1501,2,5,2,2,1,3,2,34,3,3,2,4,1,2,1,0
1,6,1,4,1382,2,3,1,2,1,1,2,28,3,3,2,3,1,2,1,1
3,12,3,3,951,3,2,4,2,1,4,2,27,1,2,4,3,1,1,1,0
3,24,3,2,2760,1,5,4,5,1,4,1,36,1,1,1,3,1,2,1,1
3,18,0,3,4297,2,5,4,1,1,3,1,40,3,3,1,4,1,2,1,0
1,9,1,7,936,4,5,4,5,1,2,2,52,3,3,2,3,1,2,1,1
2,12,3,1,1168,2,3,4,3,1,3,4,27,3,3,1,2,1,1,1,1
1,27,0,10,5117,2,4,3,5,1,4,2,26,3,3,2,3,1,1,1,1
2,12,3,9,902,2,4,4,3,1,4,3,21,3,2,1,3,1,1,1,0
1,12,1,1,1495,2,5,4,5,1,1,4,38,3,3,2,2,2,1,1,1
2,30,1,2,10623,2,5,3,5,1,4,1,38,3,1,3,4,2,2,1,1
1,12,1,3,1935,2,5,4,5,1,4,4,43,3,3,3,3,1,2,1,1
3,12,1,5,1424,2,4,4,5,1,3,3,26,3,3,1,3,1,1,1,1
2,24,3,10,6568,2,3,2,3,1,2,2,21,2,3,1,2,1,1,1,1
1,12,3,2,1413,5,4,3,5,1,2,3,55,3,3,1,3,1,1,2,1
1,9,1,4,3074,1,3,1,5,1,2,4,33,3,3,2,3,2,1,1,1
1,36,3,4,3835,1,5,2,2,1,4,4,45,3,3,1,2,1,2,1,1
2,27,2,10,5293,2,1,2,5,1,4,3,50,2,3,2,3,1,2,1,0
4,30,0,10,1908,2,5,4,5,1,4,4,66,3,3,1,4,1,2,1,0
1,36,1,4,3342,1,5,4,5,1,2,2,51,3,3,1,3,1,2,1,1
3,6,1,9,932,1,4,1,2,1,3,3,39,3,3,2,2,1,1,1,1
2,18,2,10,3104,2,4,3,5,1,1,3,31,1,3,1,3,1,2,1,1
4,36,3,4,3913,2,3,2,5,1,2,4,23,3,3,1,3,1,2,1,1
2,24,3,3,3021,2,3,2,1,1,2,4,24,3,2,1,2,1,1,1,1
1,10,3,1,1364,2,3,2,2,1,4,2,64,3,3,1,3,1,2,1,1
3,12,3,4,625,2,2,4,3,3,1,4,26,1,3,1,2,1,1,1,1
2,12,3,7,1200,1,3,4,2,1,4,3,23,1,2,1,3,1,2,1,1
1,12,3,4,707,2,3,4,5,1,2,4,30,1,3,2,3,1,1,1,1
1,24,0,10,2978,1,3,4,5,1,4,4,32,3,3,2,3,2,2,1,1
1,15,3,2,4657,2,3,3,5,1,2,2,30,3,3,1,3,1,2,1,1
1,36,2,6,2613,2,3,4,5,1,2,2,27,3,3,2,3,1,1,1,1
3,48,3,4,10961,5,4,1,5,2,2,1,27,1,3,2,3,1,2,1,0
2,12,3,3,7865,2,5,4,5,1,4,1,53,3,1,1,4,1,2,1,0
1,9,3,4,1478,2,4,4,5,1,2,2,22,3,3,1,3,1,1,1,0
2,24,3,3,3149,2,2,4,5,1,1,1,22,1,1,1,3,1,1,1,1
4,36,3,4,4210,2,3,4,5,1,2,2,26,3,3,1,3,1,1,1,0
1,9,3,1,2507,4,5,2,5,1,4,1,51,3,1,1,2,1,1,1,1
1,12,3,4,2141,3,4,3,5,1,1,1,35,3,3,1,3,1,1,1,1
3,18,3,4,866,2,3,4,3,3,2,4,25,3,3,1,2,1,1,1,1
1,4,1,4,1544,2,4,2,5,1,1,4,42,3,3,3,2,2,1,1,1
2,24,3,4,1823,2,1,4,5,1,2,2,30,2,3,1,4,2,1,1,0
3,6,3,1,14555,1,1,1,5,1,2,3,23,3,3,1,1,1,2,1,0
3,21,3,10,2767,3,5,4,1,1,2,2,61,1,2,2,2,1,1,1,0
1,12,1,4,1291,2,3,4,2,1,2,3,35,3,3,2,3,1,1,1,1
2,30,3,4,2522,2,5,1,5,3,3,3,39,3,3,1,3,2,1,1,1
2,24,3,1,915,1,5,4,2,1,2,2,29,1,3,1,3,1,1,1,0
1,6,3,4,1595,2,4,3,5,1,2,3,51,3,3,1,3,2,1,1,1
2,48,2,2,4605,2,5,3,5,1,4,1,24,3,1,2,3,2,1,1,0
1,12,1,10,1185,2,3,3,2,1,2,4,27,3,3,2,3,1,1,1,1
1,12,4,9,3447,4,3,4,2,1,3,4,35,3,3,1,2,2,1,1,1
1,24,3,10,1258,2,4,4,5,1,1,4,25,3,3,1,3,1,2,1,1
1,12,1,4,717,2,5,4,5,1,4,4,52,3,3,3,3,1,1,1,1
1,6,2,1,1204,3,3,4,5,1,1,1,35,1,2,1,3,1,1,2,1
4,24,3,3,1925,2,3,2,5,1,2,4,26,3,3,1,3,1,1,1,1
1,18,3,4,433,2,1,3,2,2,4,4,22,3,2,1,3,1,1,1,0
2,6,1,1,666,5,4,3,2,1,4,4,39,3,3,2,2,1,2,1,1
4,12,3,3,2251,2,3,1,2,1,2,2,46,3,3,1,2,1,1,1,1
3,30,3,1,2150,2,3,4,2,3,2,1,24,1,3,1,3,1,1,1,0
1,24,0,3,4151,3,3,2,5,1,3,3,35,3,3,2,3,1,1,1,1
3,9,3,3,2030,1,4,2,5,1,1,2,24,3,3,1,3,1,2,1,1
3,60,0,4,7418,1,3,1,5,1,1,4,27,3,3,1,2,1,1,1,1
1,24,1,4,2684,2,3,4,5,1,2,4,35,3,3,2,2,1,1,1,1
2,12,4,4,2149,2,3,4,1,1,1,1,29,3,1,1,3,1,1,1,0
1,15,3,2,3812,3,2,1,2,1,4,2,23,3,3,1,3,1,2,1,1
1,11,1,4,1154,3,1,4,2,1,4,4,57,3,3,3,2,1,1,1,1
2,12,3,3,1657,2,3,2,5,1,2,4,27,3,3,1,3,1,1,1,1
2,24,3,4,1603,2,5,4,2,1,4,2,55,3,3,1,3,1,1,1,1
2,18,1,1,5302,2,5,2,5,1,4,1,36,3,1,3,4,1,2,1,1
1,12,1,7,2748,2,5,2,2,1,4,1,57,1,1,3,2,1,1,1,1
1,10,1,1,1231,2,5,3,5,1,4,4,32,3,3,2,2,2,1,2,1
3,15,3,4,802,2,5,4,5,1,3,2,37,3,3,1,3,2,1,1,0
1,36,1,10,6304,1,5,4,5,1,4,4,36,3,3,2,3,1,1,1,1
1,24,3,4,1533,2,2,4,2,1,3,2,38,2,3,1,3,1,2,1,1
2,14,3,1,8978,2,5,1,1,1,4,3,45,3,3,1,4,1,2,2,0
1,24,3,4,999,1,5,4,5,1,2,2,25,3,3,2,3,1,1,1,1
1,18,3,1,2662,1,4,4,5,1,3,3,32,3,3,1,3,1,1,2,1
1,12,1,3,1402,4,4,3,2,1,4,2,37,3,2,1,3,1,2,1,1
3,48,4,1,12169,1,1,4,5,2,4,1,36,3,1,1,4,1,2,1,1
3,48,3,4,3060,2,4,4,5,1,4,4,28,3,3,2,3,1,1,1,0
2,30,3,6,11998,2,2,1,1,1,1,1,34,3,3,1,2,1,2,1,0
1,9,3,4,2697,2,3,1,5,1,2,4,32,3,3,1,3,2,1,1,1
1,18,1,4,2404,2,3,2,2,1,2,2,26,3,3,2,3,1,1,1,1
2,12,3,3,1262,1,5,2,1,1,4,3,49,3,3,1,2,1,2,1,1
1,6,3,3,4611,2,2,1,2,1,4,3,32,3,3,1,3,1,1,1,0
1,24,3,4,1901,3,3,4,5,1,4,2,29,3,2,1,4,1,2,1,1
1,15,1,2,3368,5,5,3,5,1,4,1,23,3,2,2,3,1,2,1,1
1,12,3,3,1574,2,3,4,5,1,2,4,50,3,3,1,3,1,1,1,1
4,18,4,4,1445,1,4,4,5,1,4,2,49,1,3,1,2,1,1,1,1
1,15,1,3,1520,1,5,4,5,1,4,3,63,3,3,1,3,1,1,1,1
3,24,1,1,3878,3,2,4,1,1,2,2,37,3,3,1,3,1,2,1,1
2,47,3,1,10722,2,2,1,2,1,1,4,35,3,3,1,2,1,2,1,1
2,48,3,2,4788,2,4,4,5,1,3,3,26,3,3,1,3,2,1,1,1
3,48,0,0,7582,3,1,2,5,1,4,1,31,3,1,1,4,1,2,1,1
3,12,3,4,1092,2,3,4,2,3,4,4,49,3,3,2,3,1,2,1,1
2,24,0,4,1024,2,2,4,3,1,4,4,48,2,3,1,3,1,1,1,0
1,12,3,10,1076,2,3,2,3,1,2,4,26,3,3,1,3,1,2,2,1
3,36,3,2,9398,2,2,1,3,1,4,2,28,3,2,1,4,1,2,1,0
2,24,1,2,6419,2,5,2,2,1,4,1,44,3,1,2,4,2,2,1,1
4,42,1,2,4796,2,5,4,5,1,4,1,56,3,1,1,3,1,1,1,1
1,48,1,10,7629,1,5,4,1,1,2,2,46,1,3,2,4,2,1,1,1
3,48,3,3,9960,2,2,1,2,1,2,2,26,3,3,1,3,1,2,1,0
1,12,3,2,4675,1,2,1,2,1,4,2,20,3,2,1,3,1,1,1,1
1,10,3,1,1287,1,5,4,5,2,2,3,45,3,3,1,2,1,1,2,1
1,18,3,3,2515,2,3,3,5,1,4,4,43,3,3,1,3,1,2,1,1
3,21,1,3,2745,5,4,3,5,1,2,2,32,3,3,2,3,1,2,1,1
1,6,3,1,672,2,1,1,2,1,4,4,54,3,3,1,1,1,2,1,1
3,36,2,4,3804,2,3,4,2,1,1,2,42,3,3,1,3,1,2,1,0
4,24,1,1,1344,1,4,4,5,1,2,4,37,1,3,2,2,2,1,1,0
2,10,1,1,1038,2,4,4,5,2,3,3,49,3,3,2,3,1,2,1,1
1,48,1,1,10127,4,3,2,5,1,2,1,44,1,1,1,3,1,1,1,0
1,6,3,3,1543,5,3,4,1,1,2,4,33,3,3,1,3,1,1,1,1
1,30,3,2,4811,1,4,2,2,1,4,3,24,2,2,1,2,1,1,1,1
2,12,3,4,727,3,2,4,3,1,3,1,33,3,3,1,2,1,2,1,0
3,8,3,3,1237,2,3,3,2,1,4,4,24,3,3,1,3,1,1,1,0
3,9,3,1,276,2,3,4,3,1,4,4,22,3,2,1,2,1,1,1,1
3,48,3,0,5381,1,1,3,5,1,4,1,40,1,1,1,1,1,2,1,1
1,24,3,3,5511,3,3,4,5,1,1,2,25,2,3,1,3,1,1,1,1
4,24,3,3,3749,2,2,2,2,1,4,2,26,3,3,1,3,1,1,1,1
3,12,3,1,685,2,4,2,3,1,3,2,25,1,3,1,2,1,1,1,0
4,4,3,1,1494,1,2,1,5,1,2,4,29,3,3,1,2,2,1,2,1
2,36,4,3,2746,2,5,4,5,1,4,2,31,1,3,1,3,1,1,1,0
2,12,3,3,708,2,3,2,5,3,3,3,38,3,3,1,2,2,1,1,1
3,24,3,3,4351,1,3,1,2,1,4,3,48,3,3,1,2,1,2,1,1
1,12,1,7,701,2,3,4,5,1,2,2,32,3,3,2,3,1,1,1,1
2,15,0,3,3643,2,5,1,2,1,4,3,27,3,3,2,2,1,1,1,1
3,30,1,1,4249,2,1,4,3,1,2,2,28,3,3,2,4,1,1,1,0
2,24,3,4,1938,2,2,4,1,1,3,3,32,3,3,1,3,1,1,1,0
2,24,3,2,2910,2,4,2,5,1,1,1,34,3,1,1,4,1,2,1,1
2,18,3,3,2659,5,3,4,5,1,2,2,28,3,3,1,3,1,1,1,1
1,18,1,1,1028,2,3,4,2,1,3,4,36,3,3,2,3,1,1,1,1
2,8,1,1,3398,2,4,1,5,1,4,4,39,3,3,2,2,1,1,2,1
1,12,1,3,5801,1,5,2,5,1,4,3,49,3,2,1,3,1,2,1,1
1,24,3,1,1525,5,4,4,2,1,3,2,34,3,3,1,3,2,2,1,1
4,36,3,4,4473,2,5,4,5,1,2,2,31,3,3,1,3,1,1,1,1
3,6,3,4,1068,2,5,4,5,1,4,2,28,3,3,1,3,2,1,1,1
2,24,1,2,6615,2,1,2,5,1,4,1,75,3,1,2,4,1,2,1,1
1,18,1,7,1864,3,3,4,2,1,2,4,30,3,3,2,3,1,1,1,0
3,60,3,1,7408,3,2,4,2,1,2,3,24,3,3,1,4,1,1,1,0
1,48,1,2,11590,3,3,2,2,1,4,2,24,1,2,2,2,1,1,1,0
2,24,2,3,4110,2,5,3,5,1,4,1,23,1,2,2,3,2,1,1,0
2,6,1,3,3384,2,3,1,1,1,4,4,44,3,2,1,4,1,2,1,0
3,13,3,4,2101,2,2,2,2,3,4,3,23,3,3,1,2,1,1,1,1
2,15,3,5,1275,1,3,4,2,1,2,2,24,3,2,1,3,1,1,1,0
2,24,3,3,4169,2,3,4,5,1,4,3,28,3,3,1,3,1,1,1,1
3,10,3,3,1521,2,3,4,1,1,2,2,31,3,3,1,2,1,1,1,1
3,24,1,7,5743,2,2,2,2,1,4,1,24,3,1,2,3,1,2,1,1
2,21,3,3,3599,2,4,1,2,1,4,2,26,3,2,1,2,1,1,1,1
3,18,3,4,3213,4,2,1,3,1,3,4,25,3,2,1,3,1,1,1,1
3,18,3,10,4439,2,5,1,5,2,1,4,33,1,3,1,4,1,2,1,1
4,10,3,1,3949,2,2,1,5,3,1,3,37,3,3,1,2,2,1,1,1
1,15,1,4,1459,2,3,4,2,1,2,2,43,3,3,1,2,1,1,1,1
3,13,1,4,882,2,2,4,5,3,4,4,23,3,3,2,3,1,1,1,1
3,24,3,4,3758,4,1,1,2,1,4,1,23,3,2,1,1,1,1,1,1
1,6,0,10,1743,3,3,1,5,1,2,4,34,3,3,2,2,1,1,1,1
3,9,1,7,1136,5,5,4,5,1,3,1,32,3,1,2,3,2,1,1,0
1,9,3,5,1236,2,2,1,2,1,4,4,23,3,2,1,3,1,2,1,1
3,9,3,3,959,2,3,1,2,1,2,2,29,3,3,1,3,1,1,2,0
1,18,1,2,3229,1,1,2,5,1,4,1,38,3,3,1,4,1,2,1,1
2,12,2,4,6199,2,3,4,5,1,2,3,28,3,2,2,3,1,2,1,0
1,10,3,7,727,4,5,4,5,1,4,1,46,3,1,1,3,1,2,1,1
3,24,3,1,1246,2,2,4,5,1,2,4,23,2,3,1,2,1,1,1,0
1,12,1,4,2331,1,5,1,5,2,4,4,49,3,3,1,3,1,2,1,1
1,36,0,4,4463,2,3,4,5,1,2,2,26,3,3,2,4,1,2,1,0
1,12,3,4,776,2,3,4,3,1,2,4,28,3,3,1,3,1,1,1,1
2,30,3,3,2406,2,4,4,2,1,4,4,23,3,2,1,3,1,1,1,0
3,18,3,7,1239,1,3,4,5,1,4,1,61,3,1,1,3,1,1,1,1
4,12,3,4,3399,1,5,2,5,1,3,2,37,3,3,1,4,1,1,1,1
4,12,0,1,2247,2,3,2,2,1,2,2,36,2,3,2,3,1,2,1,1
1,6,3,3,1766,2,3,1,3,1,2,3,21,3,2,1,3,1,1,1,1
2,18,3,3,2473,2,1,4,5,1,1,2,25,3,3,1,1,1,1,1,0
1,12,3,10,1542,2,4,2,5,1,4,2,36,3,3,1,3,1,2,1,1
1,18,1,2,3850,2,4,3,5,1,1,2,27,3,3,2,3,1,1,1,1
2,18,3,3,3650,2,2,1,2,1,4,2,22,3,2,1,3,1,1,1,1
2,36,3,3,3446,2,5,4,5,1,2,2,42,3,3,1,3,2,1,1,0
3,18,3,3,3001,2,4,2,2,1,4,4,40,3,2,1,3,1,1,1,1
1,36,3,1,3079,1,3,4,5,1,4,4,36,3,3,1,3,1,1,1,1
1,18,1,4,6070,2,5,3,5,1,4,2,33,3,3,2,3,1,2,1,1
1,10,1,3,2146,2,2,1,2,1,3,4,23,3,2,2,3,1,1,1,1
1,60,1,1,13756,1,5,2,5,1,4,1,63,1,1,1,4,1,2,1,1
3,60,4,0,14782,3,5,3,2,1,4,1,60,1,1,2,4,1,2,1,0
2,48,4,10,7685,2,4,2,2,3,4,2,37,3,2,1,3,1,1,1,0
1,18,0,4,2320,2,1,2,3,1,3,4,34,3,3,2,3,1,1,1,1
1,7,0,4,846,1,5,3,5,1,4,1,36,3,1,1,3,1,1,1,1
3,36,3,1,14318,2,5,4,5,1,2,1,57,3,1,1,4,1,2,1,0
1,6,1,1,362,3,3,4,2,1,4,2,52,3,3,2,2,1,1,1,1
2,20,3,3,2212,1,4,4,5,1,4,2,39,3,3,1,3,1,2,1,1
3,18,3,2,12976,2,1,3,2,1,4,1,38,3,1,1,4,1,2,1,0
1,22,3,1,1283,1,4,4,2,1,4,3,25,3,2,1,3,1,1,1,1
4,12,3,1,1330,2,2,4,5,1,1,4,26,3,3,1,3,1,1,1,1
1,30,0,10,4272,3,3,2,5,1,2,3,26,3,3,2,2,1,1,1,1
1,18,1,4,2238,2,3,2,2,1,1,2,25,3,3,2,3,1,1,1,1
1,18,3,4,1126,1,2,4,2,1,2,4,21,3,2,1,3,1,2,1,1
3,18,1,3,7374,2,1,4,5,1,4,3,40,2,3,2,4,1,2,1,1
3,15,1,10,2326,4,3,2,5,1,4,2,27,1,3,1,3,1,1,1,1
1,9,3,10,1449,2,4,3,2,1,2,2,27,3,3,2,3,1,1,1,1
1,18,3,1,1820,2,3,2,3,1,2,3,30,3,3,1,4,1,2,1,1
3,12,3,3,983,5,2,1,2,1,4,4,19,3,2,1,2,1,1,1,1
2,36,3,1,3249,2,4,2,5,1,4,1,39,1,1,1,4,2,2,1,1
2,6,1,4,1957,2,4,1,2,1,4,2,31,3,3,1,3,1,1,1,1
1,9,1,3,2406,2,1,2,5,1,3,2,31,3,3,1,4,1,1,1,1
3,39,0,7,11760,3,4,2,5,1,3,1,32,3,2,1,3,1,2,1,1
2,12,3,3,2578,2,1,3,2,1,4,1,55,3,1,1,4,1,1,1,1
2,36,1,3,2348,2,3,3,3,1,2,3,46,3,3,2,3,1,2,1,1
3,12,3,1,1223,2,5,1,1,1,1,4,46,3,2,2,3,1,1,1,0
1,24,1,4,1516,5,3,4,2,1,1,4,43,3,3,2,2,1,1,1,1
1,18,3,4,1473,2,2,3,3,1,4,4,39,3,3,1,3,1,2,1,1
3,18,1,10,1887,1,3,4,3,1,4,4,28,1,3,2,3,1,1,1,1
1,24,0,10,8648,2,2,2,5,1,2,2,27,1,3,2,3,1,2,1,0
1,14,0,1,802,2,3,4,5,1,2,2,27,3,3,2,2,1,1,1,1
3,18,0,1,2899,1,5,4,5,1,4,2,43,3,3,1,3,2,1,1,1
3,24,3,4,2039,2,2,1,3,1,1,3,22,3,3,1,3,1,2,1,0
1,24,1,2,2197,1,4,4,5,1,4,2,43,3,3,2,3,2,2,1,1
2,15,3,4,1053,2,2,4,3,1,2,4,27,3,3,1,3,1,1,2,1
1,24,3,4,3235,4,5,3,1,1,2,2,26,3,3,1,4,1,2,1,1
4,12,1,1,939,4,4,4,3,1,2,4,28,3,3,3,3,1,2,1,0
3,24,3,4,1967,2,5,4,2,1,4,2,20,3,3,1,3,1,2,1,1
1,33,1,2,7253,2,4,3,5,1,2,2,35,3,3,2,4,1,2,1,1
1,12,1,10,2292,2,1,4,5,1,2,2,42,2,3,2,4,1,2,1,0
1,10,3,1,1597,4,3,3,5,1,2,1,40,3,2,1,2,2,1,2,1
2,24,3,1,1381,1,3,4,2,1,2,3,35,3,3,1,3,1,1,1,0
1,36,1,2,5842,2,5,2,5,1,2,3,35,3,3,2,3,2,2,1,1
2,12,3,1,2579,2,2,4,5,1,1,4,33,3,3,1,2,2,1,1,0
2,18,0,7,8471,1,3,1,2,1,2,2,23,3,2,2,3,1,2,1,1
1,21,3,1,2782,4,4,1,2,1,2,2,31,1,3,1,4,1,1,1,1
3,18,3,1,1042,1,3,4,2,1,2,3,33,3,3,1,3,1,1,1,0
1,15,3,1,3186,5,4,2,2,1,3,2,20,3,2,1,3,1,1,1,1
3,12,3,2,2028,1,3,4,5,1,2,2,30,3,3,1,3,1,1,1,1
3,12,1,1,958,2,4,2,5,1,3,4,47,3,3,2,2,2,1,1,1
1,21,0,3,1591,3,4,4,5,1,3,4,34,3,3,2,4,1,1,1,1
3,12,3,3,2762,1,5,1,2,1,2,3,25,1,3,1,3,1,2,1,0
3,18,3,2,2779,2,3,1,3,1,3,2,21,3,2,1,3,1,2,1,1
1,28,1,4,2743,2,5,4,5,1,2,2,29,3,3,2,3,1,1,1,1
1,18,1,4,1149,5,3,4,5,1,3,4,46,3,3,2,3,1,1,1,1
1,9,3,3,1313,2,5,1,5,1,4,2,20,3,3,1,3,1,1,1,1
2,18,1,6,1190,2,1,2,2,1,4,1,55,3,1,3,1,2,1,1,0
1,5,3,10,3448,2,4,1,5,1,4,4,74,3,3,1,2,1,1,1,1
3,24,3,0,11328,2,3,2,5,2,3,2,29,1,3,2,4,1,2,1,0
2,6,1,3,1872,2,1,4,5,1,4,1,36,3,1,3,4,1,2,1,1
1,24,1,6,2058,2,3,4,1,1,2,4,33,3,3,2,3,1,2,1,1
2,9,3,3,2136,2,3,3,5,1,2,4,25,3,3,1,3,1,1,1,1
3,12,3,4,1484,1,3,2,3,1,1,4,25,3,3,1,3,1,2,1,0
1,6,3,6,660,4,4,2,3,1,4,4,23,3,2,1,2,1,1,1,1
1,24,1,1,1287,5,5,4,2,1,4,4,37,3,3,2,3,1,2,1,1
2,42,1,6,3394,2,1,4,5,2,4,2,65,3,3,2,1,1,1,1,1
4,12,4,10,609,2,2,4,2,1,1,4,26,3,3,1,1,1,1,1,0
1,12,3,1,1884,2,5,4,5,1,4,2,39,3,3,1,4,1,2,1,1
2,12,3,3,1620,2,3,2,2,2,3,3,30,3,3,1,3,1,1,1,1
3,20,0,0,2629,2,3,2,5,1,3,2,29,1,3,2,3,1,2,1,1
1,12,3,7,719,2,5,4,5,1,4,2,41,1,3,1,2,2,1,1,0
3,48,1,3,5096,2,3,2,2,1,3,2,30,3,3,1,4,1,2,1,0
1,9,1,7,1244,1,5,4,2,1,4,3,41,3,2,2,2,1,1,1,1
2,36,3,1,1842,2,2,4,2,1,4,2,34,3,3,1,3,1,2,1,0
3,7,3,4,2576,2,3,2,5,3,2,4,35,3,3,1,3,1,1,1,1
4,12,3,3,1424,1,5,3,2,1,4,4,55,3,3,1,4,1,2,1,1
3,15,0,6,1512,5,3,3,3,1,3,3,61,2,3,2,3,1,1,1,0
1,36,1,2,11054,1,3,4,5,1,2,2,30,3,3,1,4,1,2,1,1
1,6,3,4,518,2,3,3,2,1,1,4,29,3,3,1,3,1,1,1,1
1,12,2,3,2759,2,5,2,5,1,4,3,34,3,3,2,3,1,1,1,1
1,24,3,2,2670,2,5,4,5,1,4,2,35,3,3,1,4,1,2,1,1
2,24,3,1,4817,2,4,2,5,2,3,3,31,3,3,1,3,1,2,1,0
1,24,3,2,2679,2,2,4,2,1,1,1,29,3,3,1,4,1,2,1,1
2,11,1,1,3905,2,3,2,5,1,2,4,36,3,2,2,3,2,1,1,1
2,12,3,2,3386,2,5,3,5,1,4,1,35,3,1,1,3,1,2,1,0
2,6,3,5,343,2,2,4,2,1,1,4,27,3,3,1,3,1,1,1,1
1,18,3,4,4594,2,2,3,5,1,2,2,32,3,3,1,3,1,2,1,1
2,36,3,3,3620,2,3,1,5,3,2,3,37,3,3,1,3,2,1,1,1
2,15,3,1,1721,2,2,2,5,1,3,4,36,3,3,1,3,1,1,1,1
3,12,3,3,3017,2,2,3,2,1,1,4,34,3,2,1,4,1,1,1,1
3,12,3,9,754,1,5,4,5,1,4,3,38,3,3,2,3,1,1,1,1
1,18,3,10,1950,2,4,4,5,1,1,2,34,2,3,2,3,1,2,1,1
2,24,3,2,2924,2,3,3,5,3,4,1,63,1,3,1,3,2,2,1,1
2,24,0,4,1659,2,2,4,2,1,2,2,29,3,2,1,2,1,2,1,0
1,48,0,4,7238,1,5,3,5,1,3,2,32,1,3,2,3,2,1,1,1
1,33,0,10,2764,2,3,2,2,1,2,2,26,3,3,2,3,1,2,1,1
1,24,0,2,4679,2,4,3,5,1,3,2,35,3,3,2,2,1,2,1,1
3,24,3,4,3092,3,2,3,3,1,2,2,22,3,2,1,3,1,2,1,0
2,6,3,7,448,2,2,4,2,1,4,3,23,3,3,1,3,1,1,1,0
2,9,3,1,654,2,3,4,5,1,3,2,28,3,3,1,2,1,1,1,0
1,6,3,9,1238,1,1,4,5,1,4,3,36,3,3,1,4,2,2,1,1
3,18,1,4,1245,2,3,4,3,1,2,2,33,3,3,1,3,1,1,1,0
2,18,2,3,3114,2,2,1,2,1,4,3,26,3,2,1,3,1,1,1,0
1,39,3,2,2569,4,3,4,5,1,4,2,24,3,3,1,3,1,1,1,1
4,24,3,4,5152,2,4,4,5,1,2,2,25,1,3,1,3,1,1,1,1
3,12,3,10,1037,3,4,3,5,1,4,4,39,3,3,1,2,1,1,1,1
2,15,1,3,1478,2,5,4,5,1,4,2,44,3,3,2,3,2,2,1,1
3,12,1,4,3573,2,3,1,2,1,1,4,23,3,3,1,2,1,1,1,1
3,24,3,1,1201,2,2,4,5,1,1,3,26,3,3,1,3,1,1,1,1
2,30,3,3,3622,5,5,4,2,1,4,3,57,3,2,2,3,1,2,1,1
1,15,0,3,960,5,4,3,2,1,2,3,30,3,3,2,3,1,1,1,1
1,12,1,1,1163,4,3,4,5,1,4,4,44,3,3,1,3,1,2,1,1
3,6,0,1,1209,2,1,4,5,1,4,3,47,3,3,1,4,1,2,1,0
1,12,3,4,3077,2,3,2,5,1,4,2,52,3,3,1,3,1,2,1,1
1,24,3,1,3757,2,5,4,2,2,4,1,62,3,1,1,3,1,2,1,1
1,10,3,1,1418,3,3,3,5,1,2,4,35,3,2,1,2,1,1,2,1
1,6,3,1,3518,2,3,2,5,3,3,3,26,3,2,1,3,1,1,1,1
1,12,1,4,1934,2,5,2,5,1,2,1,26,3,3,2,3,1,1,1,1
3,27,2,10,8318,2,5,2,2,1,4,1,42,3,1,2,4,1,2,1,0
1,6,1,4,1237,3,3,1,2,1,1,3,27,3,3,2,3,1,1,1,1
3,6,3,4,368,1,5,4,5,1,4,3,38,3,3,1,3,1,1,1,1
2,12,1,1,2122,2,3,3,5,1,2,4,39,3,2,2,2,2,1,2,1
2,24,3,3,2996,1,3,2,3,1,4,2,20,3,3,1,3,1,1,1,0
3,36,3,3,9034,3,2,4,5,2,1,1,29,3,2,1,4,1,2,1,0
1,24,1,3,1585,2,4,4,5,1,3,3,40,3,3,2,3,1,1,1,1
3,18,3,4,1301,2,5,4,3,3,2,4,32,3,3,1,2,1,1,1,1
4,6,1,1,1323,3,5,2,1,1,4,2,28,3,3,2,3,2,2,1,1
2,24,3,1,3123,2,2,4,2,1,1,3,27,3,3,1,3,1,1,1,0
2,36,3,2,5493,2,5,2,5,1,4,1,42,3,1,1,3,2,1,1,1
4,9,3,4,1126,3,5,2,1,1,4,4,49,3,3,1,3,1,1,1,1
3,24,1,4,1216,3,2,4,5,1,4,1,38,1,3,2,3,2,1,1,0
2,24,3,1,1207,2,2,4,2,1,4,3,24,3,2,1,3,1,1,1,0
1,10,3,1,1309,1,3,4,5,3,4,3,27,3,3,1,2,1,1,1,0
4,15,1,2,2360,4,3,2,5,1,2,2,36,3,3,1,3,1,2,1,1
3,15,4,1,6850,3,1,1,5,1,2,3,34,3,3,1,4,2,2,1,0
1,24,3,4,1413,2,3,4,3,1,2,3,28,3,3,1,3,1,1,1,1
1,39,3,2,8588,3,5,4,5,1,2,2,45,3,3,1,4,1,2,1,1
2,12,3,1,759,2,4,4,5,1,2,4,26,3,3,1,3,1,1,1,0
1,36,3,2,4686,2,3,2,5,1,2,1,32,3,1,1,4,1,2,1,1
4,15,3,10,2687,2,4,2,5,1,4,3,26,3,2,1,3,1,2,1,1
3,12,0,4,585,2,3,4,3,2,4,4,20,3,2,2,3,1,1,1,1
1,24,3,1,2255,1,2,4,5,1,1,3,54,3,3,1,3,1,1,1,1
2,6,1,1,609,2,4,4,2,1,3,3,37,3,3,2,3,1,1,2,1
2,6,1,1,1361,2,2,2,5,1,4,4,40,3,3,1,2,2,1,2,1
1,36,1,3,7127,2,2,2,2,1,4,3,23,3,2,2,3,1,2,1,0
2,6,3,1,1203,3,5,3,5,1,2,3,43,3,3,1,3,1,2,1,1
1,6,1,4,700,1,5,4,5,1,4,1,36,3,1,2,3,1,1,1,1
1,24,1,6,5507,2,5,3,5,1,4,1,44,3,1,2,3,1,1,1,1
2,18,3,4,3190,2,3,2,2,1,2,4,24,3,3,1,3,1,1,1,0
2,48,2,3,7119,2,3,3,5,1,4,1,53,3,1,2,3,2,1,1,0
1,24,3,2,3488,3,4,3,2,1,4,2,23,3,3,1,3,1,1,1,1
3,18,3,4,1113,2,3,4,2,3,4,4,26,3,3,1,2,2,1,1,1
3,26,3,2,7966,2,2,2,5,1,3,2,30,3,3,2,3,1,1,1,1
1,15,1,7,1532,3,3,4,2,1,3,2,31,3,3,1,3,1,1,1,1
1,4,1,4,1503,2,4,2,5,1,1,4,42,3,3,2,2,2,1,1,1
2,36,3,4,2302,2,3,4,1,1,4,2,31,3,2,1,3,1,1,1,0
2,6,3,1,662,2,2,3,5,1,4,4,41,3,3,1,2,2,2,1,1
3,36,3,7,2273,2,4,3,5,1,1,2,32,3,3,2,3,2,1,1,1
3,15,3,1,2631,3,3,2,2,1,4,2,28,3,2,2,3,1,2,1,0
1,12,0,2,1503,2,3,4,3,1,4,4,41,3,2,1,3,1,1,1,1
1,24,3,4,1311,3,4,4,3,1,3,3,26,3,3,1,3,1,2,1,1
1,24,3,4,3105,1,2,4,5,1,2,2,25,3,3,2,3,1,1,1,1
4,21,1,7,2319,2,2,2,1,1,1,2,33,3,2,1,3,1,1,1,0
2,6,3,1,1374,1,1,4,2,1,3,3,75,3,3,1,4,1,2,1,1
3,18,1,3,3612,2,5,3,2,1,4,3,37,3,3,1,3,1,2,1,1
2,48,3,1,7763,2,5,4,5,1,4,1,42,1,1,1,4,1,1,1,0
4,18,3,3,3049,2,2,1,2,1,1,3,45,2,3,1,2,1,1,1,1
3,12,3,4,1534,2,2,1,3,1,1,4,23,3,2,1,3,1,1,1,0
1,24,0,1,2032,2,5,4,5,1,4,1,60,3,1,2,3,1,2,1,1
2,30,3,3,6350,1,5,4,5,1,4,3,31,3,3,1,3,1,1,1,0
4,18,3,3,2864,2,3,2,5,1,1,4,34,3,3,1,2,2,1,1,0
1,12,1,1,1255,2,5,4,5,1,4,4,61,3,3,2,2,1,1,1,1
2,24,0,1,1333,2,1,4,5,1,2,4,43,3,1,2,3,2,1,1,0
1,24,1,1,2022,2,3,4,2,1,4,2,37,3,3,1,3,1,2,1,1
1,24,3,4,1552,2,4,3,5,1,1,2,32,1,3,1,3,2,1,1,1
2,12,4,4,626,2,3,4,2,1,4,4,24,1,3,1,2,1,1,1,0
1,48,1,2,8858,1,4,2,5,1,1,1,35,3,1,2,3,1,2,1,1
1,12,1,6,996,1,4,4,2,1,4,4,23,3,3,2,3,1,1,1,1
1,6,4,4,1750,4,5,2,5,1,4,3,45,1,3,1,2,2,1,1,1
2,48,3,4,6999,2,4,1,3,3,1,4,34,3,3,2,3,1,2,1,0
3,12,1,1,1995,3,2,4,5,1,1,2,27,3,3,1,3,1,1,1,1
3,9,3,7,1199,2,4,4,2,1,4,3,67,3,3,2,4,1,2,1,1
3,12,3,4,1331,2,2,2,5,1,1,2,22,2,3,1,3,1,1,1,0
3,18,2,1,2278,3,2,3,2,1,3,2,28,3,3,2,3,1,1,1,0
1,21,2,1,5003,1,3,1,2,1,4,3,29,1,3,2,3,1,2,1,0
2,24,4,3,3552,2,4,3,5,1,4,2,27,1,3,1,3,1,1,1,0
3,18,1,3,1928,2,2,2,5,1,2,4,31,3,3,2,2,1,1,1,0
2,24,3,2,2964,1,5,4,5,1,4,1,49,1,1,1,3,2,2,1,1
2,24,4,4,1546,2,4,4,5,3,4,2,24,1,2,1,2,1,1,1,0
4,6,0,4,683,2,2,2,2,1,1,3,29,1,3,1,3,1,1,1,1
3,36,3,1,12389,1,3,1,5,1,4,1,37,3,1,1,3,1,2,1,0
3,24,0,10,4712,1,3,4,5,1,2,3,37,1,3,2,4,1,2,1,1
3,24,0,4,1553,3,4,3,2,1,2,3,23,3,2,2,3,1,2,1,1
2,12,3,1,1372,2,4,2,1,1,3,2,36,3,3,1,3,1,1,1,0
1,24,1,4,2578,5,5,2,5,1,2,2,34,3,3,1,3,1,1,1,1
3,48,3,4,3979,1,4,4,5,1,1,2,41,3,3,2,3,2,2,1,1
2,48,3,4,6758,2,3,3,2,1,2,2,31,3,3,1,3,1,2,1,0
2,24,3,3,3234,2,2,4,2,1,4,4,23,3,2,1,2,1,2,1,0
1,30,1,4,5954,2,4,3,5,2,2,2,38,3,3,1,3,1,1,1,1
1,24,3,2,5433,1,1,2,2,1,4,3,26,3,2,1,4,1,2,1,1
2,15,3,10,806,2,3,4,2,1,4,3,22,3,3,1,2,1,1,1,1
3,9,3,4,1082,2,5,4,5,1,4,2,27,3,3,2,2,1,1,1,1
1,15,1,3,2788,2,4,2,2,2,3,2,24,1,3,2,3,1,1,1,1
3,12,3,4,2930,2,4,2,2,1,1,4,27,3,3,1,3,1,1,1,1
1,24,1,7,1927,1,3,3,2,1,2,2,33,3,3,2,3,1,2,1,1
3,36,1,1,2820,2,2,4,1,1,4,2,27,3,3,2,3,1,1,1,0
1,24,3,9,937,2,2,4,3,1,3,2,27,3,3,2,2,1,1,1,1
3,18,1,1,1056,2,5,3,5,3,3,4,30,1,3,2,3,1,1,1,0
3,12,1,1,3124,2,2,1,5,1,3,4,49,1,3,2,2,2,1,1,1
1,9,3,3,1388,2,3,4,2,1,2,4,26,3,2,1,3,1,1,1,1
3,36,3,6,2384,2,2,4,5,1,1,1,33,3,2,1,2,1,1,1,0
1,12,3,1,2133,1,5,4,2,1,4,1,52,3,1,1,4,1,2,1,1
2,18,3,3,2039,2,3,1,2,1,4,4,20,1,2,1,3,1,1,1,0
2,9,1,1,2799,2,3,2,5,1,2,4,36,3,2,2,3,2,1,1,1
2,12,3,3,1289,2,3,4,5,3,1,3,21,3,3,1,2,1,1,1,1
2,18,3,5,1217,2,3,4,3,1,3,4,47,3,3,1,2,1,2,1,0
2,12,1,3,2246,2,5,3,5,1,3,3,60,3,3,2,3,1,1,1,0
2,12,1,4,385,2,4,4,2,1,3,4,58,3,3,4,2,1,2,1,1
3,24,0,1,1965,1,3,4,2,1,4,2,42,3,2,2,3,1,2,1,1
1,21,3,10,1572,5,5,4,2,1,4,4,36,1,3,1,2,1,1,1,1
3,24,3,1,2718,2,3,3,2,1,4,3,20,3,2,1,2,1,2,1,0
2,24,4,0,1358,1,5,4,5,1,3,2,40,2,3,1,4,1,2,1,0
3,6,4,1,931,3,2,1,2,1,1,3,32,2,3,1,2,1,1,1,0
2,24,3,1,1442,2,4,4,2,1,4,2,23,3,2,2,3,1,1,1,0
3,24,2,10,4241,2,3,1,5,1,4,4,36,3,3,3,2,1,2,1,0
1,18,1,1,2775,2,4,2,5,1,2,3,31,1,3,2,3,1,1,1,0
1,24,0,10,3863,2,3,1,5,1,2,1,32,3,1,1,3,1,1,1,1
3,7,3,4,2329,2,2,1,2,3,1,4,45,3,3,1,3,1,1,1,1
3,9,3,3,918,2,3,4,2,1,1,3,30,3,3,1,3,1,1,1,0
3,24,4,7,1837,2,4,4,2,1,4,1,34,1,1,1,2,1,1,1,0
1,36,3,3,3349,2,3,4,2,1,2,2,28,3,3,1,4,1,2,1,0
4,10,3,3,1275,2,2,4,2,1,2,3,23,3,3,1,3,1,1,1,1
2,24,4,3,2828,4,3,4,5,1,4,4,22,2,3,1,3,1,2,1,1
1,24,1,10,4526,2,3,3,5,1,2,4,74,3,3,1,4,1,2,1,1
3,36,3,4,2671,3,3,4,2,2,4,1,50,3,1,1,3,1,1,1,0
1,18,3,4,2051,2,2,4,5,1,1,4,33,3,3,1,3,1,1,1,1
1,15,3,2,1300,1,5,4,5,1,4,1,45,1,1,1,3,2,1,1,1
2,12,3,5,741,3,1,4,2,1,3,3,22,3,3,1,3,1,1,1,0
4,10,3,1,1240,3,5,1,2,1,4,1,48,3,1,1,2,2,1,1,0
2,21,3,4,3357,5,2,4,2,1,2,2,29,1,3,1,3,1,1,1,1
2,24,4,2,3632,2,3,1,2,3,4,2,22,1,2,1,3,1,1,2,1
1,18,0,3,1808,2,4,4,2,1,1,4,22,3,3,1,3,1,1,1,0
3,48,2,10,12204,1,3,2,5,1,2,2,48,1,3,1,4,1,2,1,1
3,60,0,4,9157,1,3,2,5,1,2,1,27,3,1,1,4,1,1,1,1
2,6,1,1,3676,2,3,1,5,1,3,4,37,3,2,3,3,2,1,1,1
3,30,3,3,3441,3,3,2,2,2,4,2,21,3,2,1,3,1,1,1,0
1,12,3,1,640,2,3,4,1,1,2,4,49,3,3,1,2,1,1,1,1
3,21,1,10,3652,2,4,2,5,1,3,3,27,3,3,2,3,1,1,1,1
1,18,1,1,1530,2,3,3,5,1,2,3,32,1,3,2,3,1,1,1,0
1,48,3,10,3914,1,3,4,1,1,2,4,38,1,3,1,3,1,1,1,0
2,12,3,3,1858,2,2,4,2,1,1,2,22,3,2,1,3,1,1,1,1
2,18,3,4,2600,2,3,4,5,1,4,1,65,3,1,2,3,1,1,1,0
1,15,3,4,1979,1,5,4,5,1,2,2,35,3,3,1,3,1,1,1,1
4,6,3,3,2116,2,3,2,5,1,2,4,41,3,3,1,3,1,2,1,1
3,9,4,1,1437,3,4,2,5,1,3,1,29,3,3,1,3,1,1,1,0
1,42,1,3,4042,4,3,4,5,1,4,4,36,3,3,2,3,1,2,1,1
1,9,3,7,3832,1,5,1,5,1,4,4,64,3,3,1,2,1,1,1,1
2,24,3,4,3660,2,3,2,2,1,4,2,28,3,3,1,3,1,1,1,1
2,18,4,3,1553,2,3,4,5,1,3,2,44,1,3,1,3,1,1,1,0
3,15,3,4,1444,1,2,4,5,1,1,3,23,3,3,1,3,1,1,1,1
1,9,3,3,1980,2,2,2,2,2,2,2,19,3,2,2,3,1,1,1,0
3,24,3,1,1355,2,2,3,2,1,4,2,25,3,3,1,2,1,2,1,0
1,12,3,7,1393,2,5,4,5,1,4,3,47,1,3,3,3,2,2,1,1
1,24,3,4,1376,4,4,4,2,1,1,2,28,3,3,1,3,1,1,1,1
1,60,0,4,15653,2,4,2,5,1,4,2,21,3,3,2,3,1,2,1,1
1,12,3,4,1493,2,2,4,2,1,3,2,34,3,3,1,3,2,1,1,1
2,42,0,4,4370,2,4,3,5,1,2,3,26,1,3,2,3,2,2,1,0
2,18,3,7,750,2,1,4,2,1,1,4,27,3,3,1,1,1,1,1,0
3,15,3,6,1308,2,5,4,5,1,4,2,38,3,3,2,2,1,1,1,1
1,15,3,7,4623,3,3,3,5,1,2,3,40,3,3,1,4,1,2,1,0
1,24,1,4,1851,2,4,4,3,3,2,2,33,3,3,2,3,1,2,1,1
2,18,1,4,1880,2,4,4,3,1,1,3,32,3,3,2,4,1,2,1,1
1,36,0,10,7980,1,2,4,5,1,4,2,27,3,2,2,3,1,2,1,0
2,30,2,3,4583,2,3,2,1,3,2,4,32,3,3,2,3,1,1,1,1
1,12,3,1,1386,4,3,2,2,1,2,3,26,3,3,1,3,1,1,1,0
4,24,3,1,947,2,4,4,5,1,3,1,38,1,1,1,3,2,1,1,0
2,12,3,7,684,2,3,4,5,1,4,2,40,3,2,1,2,2,1,1,0
2,48,3,7,7476,2,4,4,5,1,1,1,50,3,1,1,4,1,2,1,1
3,12,3,3,1922,2,3,4,5,1,2,3,37,3,3,1,2,1,1,1,0
2,24,3,1,2303,2,5,4,5,2,1,4,45,3,3,1,3,1,1,1,0
3,36,0,1,8086,3,5,2,5,1,4,2,42,3,3,4,4,1,2,1,0
1,24,1,2,2346,2,4,4,5,1,3,2,35,3,3,2,3,1,2,1,1
2,14,3,1,3973,2,1,1,5,1,4,1,22,3,1,1,3,1,1,1,1
3,12,3,1,888,2,5,4,5,1,4,2,41,1,3,1,2,2,1,1,0
1,48,3,4,10222,1,4,4,5,1,3,2,37,2,3,1,3,1,2,1,1
3,30,2,10,4221,2,3,2,2,1,1,2,28,3,3,2,3,1,1,1,1
3,18,1,3,6361,2,5,2,5,1,1,1,41,3,3,1,3,1,2,1,1
4,12,3,4,1297,2,3,3,3,1,4,4,23,3,2,1,3,1,1,1,1
2,12,3,1,900,1,3,4,3,1,2,2,23,3,3,1,3,1,1,1,0
1,21,3,3,2241,2,5,4,5,1,2,4,50,3,3,2,3,1,1,1,1
3,6,0,3,1050,2,1,4,5,1,1,3,35,2,3,2,4,1,2,1,1
4,6,1,7,1047,2,3,2,2,1,4,3,50,3,3,1,2,1,1,1,1
1,24,1,0,6314,2,1,4,5,2,2,1,27,1,3,2,4,1,2,1,1
3,30,4,3,3496,5,3,4,5,1,2,2,34,2,3,1,3,2,2,1,1
1,48,4,10,3609,2,3,1,2,1,1,4,27,2,3,1,3,1,1,1,1
2,12,1,1,4843,2,5,3,5,2,4,3,43,3,2,2,3,1,2,1,0
4,30,1,4,3017,2,5,4,5,1,4,3,47,3,3,1,3,1,1,1,1
1,24,1,10,4139,3,3,3,5,1,3,3,27,3,3,2,2,1,2,1,1
1,36,3,10,5742,3,4,2,5,1,2,2,31,3,3,2,3,1,2,1,1
1,60,3,1,10366,2,5,2,5,1,4,3,42,3,3,1,4,1,2,1,1
1,6,1,1,2080,4,3,1,3,1,2,2,24,3,3,1,3,1,1,1,1
1,21,0,10,2580,4,2,4,5,1,2,4,41,1,3,1,2,2,1,1,0
1,30,1,4,4530,2,4,4,2,1,4,2,26,3,2,1,4,1,2,1,1
1,24,1,3,5150,2,5,4,5,1,4,2,33,3,3,1,3,1,2,1,1
3,72,3,4,5595,3,3,2,3,1,2,2,24,3,3,1,3,1,1,1,0
2,24,3,4,2384,2,5,4,5,1,4,4,64,1,2,1,2,1,1,1,1
1,18,3,4,1453,2,2,3,2,1,1,4,26,3,3,1,3,1,1,1,1
1,6,3,7,1538,2,2,1,2,1,2,1,56,3,3,1,3,1,1,1,1
1,12,3,4,2279,1,3,4,5,1,4,1,37,3,1,1,3,1,2,1,1
1,15,0,4,1478,2,3,4,3,1,3,4,33,1,3,2,3,1,1,1,1
1,24,1,4,5103,2,2,3,3,1,3,1,47,3,1,3,3,1,2,1,1
3,36,0,10,9857,3,4,1,5,1,3,3,31,3,3,2,2,2,2,1,1
1,60,3,1,6527,1,3,4,5,1,4,1,34,3,1,1,3,2,2,1,1
4,10,1,4,1347,1,4,4,5,1,2,3,27,3,3,2,3,1,2,1,1
3,36,0,1,2862,3,5,4,5,1,3,1,30,3,1,1,3,1,1,1,1
1,9,3,4,2753,3,5,3,5,2,4,2,35,3,3,1,3,1,2,1,1
2,12,3,1,3651,5,3,1,5,1,3,3,31,3,3,1,3,2,1,1,1
2,15,1,3,975,2,3,2,1,1,3,3,25,3,3,2,3,1,1,1,1
3,15,3,6,2631,3,3,3,2,1,2,4,25,3,3,1,2,1,1,1,1
3,24,3,4,2896,3,2,2,5,1,1,2,29,3,3,1,3,1,1,1,1
2,6,1,1,4716,1,2,1,5,1,3,4,44,3,3,2,2,2,1,1,1
1,24,3,4,2284,2,4,4,5,1,2,2,28,3,3,1,3,1,2,1,1
1,6,3,2,1236,4,3,2,5,1,4,3,50,3,2,1,3,1,1,1,1
3,12,3,4,1103,2,4,4,5,3,3,4,29,3,3,2,3,1,1,2,1
1,12,1,1,926,2,1,1,2,1,2,3,38,3,3,1,1,1,1,1,1
1,18,1,4,1800,2,3,4,5,1,2,2,24,3,3,2,3,1,1,1,1
4,15,3,7,1905,2,5,4,5,1,4,2,40,3,2,1,4,1,2,1,1
1,12,3,3,1123,4,3,4,2,1,4,2,29,3,2,1,2,1,1,1,0
2,48,1,2,6331,2,5,4,5,1,4,1,46,3,1,2,3,1,2,1,0
4,24,3,4,1377,3,5,4,2,1,2,1,47,3,1,1,3,1,2,1,1
3,30,0,10,2503,3,5,4,5,1,2,3,41,2,3,2,3,1,1,1,1
3,27,3,10,2528,2,2,4,2,1,1,3,32,3,3,1,3,2,2,1,1
1,15,3,1,5324,4,5,1,2,1,4,1,35,3,1,1,3,1,1,1,1
3,48,3,1,6560,3,4,3,5,1,2,3,24,3,3,1,3,1,1,1,0
3,12,2,3,2969,2,2,4,2,1,3,3,25,3,2,2,3,1,1,1,0
3,9,3,4,1206,2,5,4,2,1,4,4,25,3,3,1,3,1,1,1,1
3,9,3,4,2118,2,3,2,5,1,2,4,37,3,3,1,2,2,1,1,1
1,18,1,4,629,4,5,4,5,1,3,3,32,1,3,2,4,1,2,1,1
2,6,4,7,1198,2,5,4,2,1,4,1,35,3,1,1,3,1,1,1,0
1,21,3,2,2476,1,5,4,5,1,4,4,46,3,3,1,4,1,2,1,1
2,9,1,4,1138,2,3,4,5,1,4,4,25,3,3,2,2,1,1,1,1
3,60,3,1,14027,2,4,4,5,1,2,1,27,3,3,1,4,1,2,1,0
1,30,1,2,7596,1,5,1,5,1,4,2,63,3,3,2,3,1,1,1,1
1,30,1,4,3077,1,5,3,5,1,2,2,40,3,3,2,3,2,2,1,1
1,18,3,4,1505,2,3,4,5,1,2,1,32,3,1,1,4,1,2,1,1
4,24,1,4,3148,1,3,3,5,1,2,2,31,3,3,2,3,1,2,1,1
3,20,2,2,6148,3,5,3,3,1,4,2,31,1,3,2,3,1,2,1,1
4,9,2,4,1337,2,2,4,5,1,2,2,34,3,3,2,4,1,2,1,0
3,6,4,7,433,5,2,4,2,1,2,3,24,1,2,1,3,2,1,1,0
2,12,3,1,1228,2,3,4,2,1,2,4,24,3,3,1,2,1,1,1,0
3,9,3,4,790,4,3,4,2,1,3,4,66,3,3,1,2,1,1,1,1
1,27,3,1,2570,2,3,3,2,1,3,4,21,3,2,1,3,1,1,1,0
1,6,1,1,250,5,3,2,2,1,2,4,41,1,3,2,2,1,1,1,1
1,15,1,4,1316,4,3,2,3,1,2,3,47,3,3,2,2,1,1,1,1
2,18,3,4,1882,2,3,4,2,1,4,2,25,1,2,2,3,1,1,1,0
3,48,4,10,6416,2,5,4,2,1,3,1,59,3,2,1,3,1,1,1,0
4,24,1,10,1275,5,3,2,1,1,4,4,36,3,3,2,3,1,2,1,1
3,24,0,4,6403,2,2,1,5,1,2,2,33,3,3,1,3,1,1,1,1
2,24,3,4,1987,2,3,2,5,1,4,4,21,3,2,1,2,2,1,1,0
3,8,3,4,760,2,4,4,2,3,2,4,44,3,3,1,2,1,1,1,1
1,24,3,2,2603,5,3,2,2,1,4,2,28,3,2,1,3,1,2,1,1
1,4,1,1,3380,2,4,1,2,1,1,4,37,3,3,1,3,2,1,1,1
3,36,4,5,3990,1,2,3,2,1,2,1,29,1,3,1,1,1,1,1,1
3,24,3,2,11560,2,3,1,2,1,4,2,23,3,2,2,4,1,1,1,0
2,18,3,1,4380,3,3,3,5,1,4,2,35,3,3,1,2,2,2,1,1
1,6,1,1,6761,2,4,1,5,1,3,1,45,3,3,2,4,2,2,1,1
3,30,2,10,4280,3,3,4,2,1,4,2,26,3,2,2,2,1,1,1,0
2,24,4,1,2325,3,4,2,5,1,3,2,32,1,3,1,3,1,1,1,1
3,10,4,4,1048,2,3,4,5,1,4,4,23,2,3,1,2,1,1,1,1
1,21,3,4,3160,1,5,4,5,1,3,3,41,3,3,1,3,1,2,1,1
2,24,4,3,2483,4,3,4,5,1,4,4,22,2,3,1,3,1,2,1,1
2,39,1,3,14179,1,4,4,5,1,4,3,30,3,3,2,4,1,2,1,1
2,13,1,10,1797,2,2,3,5,1,1,3,28,1,3,2,2,1,1,1,1
2,15,3,1,2511,2,1,1,2,1,4,2,23,3,2,1,3,1,1,1,1
2,12,3,1,1274,2,2,3,2,1,1,4,37,3,3,1,2,1,1,1,0
1,21,3,2,5248,1,3,1,5,1,3,2,26,3,3,1,3,1,1,1,1
1,15,3,2,3029,2,4,2,5,1,2,2,33,3,3,1,3,1,1,1,1
2,6,3,3,428,2,5,2,2,1,1,3,49,1,3,1,3,1,2,1,1
2,18,3,1,976,2,2,1,2,1,2,2,23,3,3,1,2,1,1,1,0
3,12,3,10,841,3,4,2,2,1,4,4,23,3,2,1,2,1,1,1,1
1,30,1,4,5771,2,4,4,2,1,2,2,25,3,3,2,3,1,1,1,1
1,12,0,6,1555,5,5,4,5,1,4,1,55,3,1,2,3,2,1,1,0
2,24,3,1,1285,1,4,4,2,1,4,1,32,3,2,1,3,1,1,1,0
4,6,1,1,1299,2,3,1,5,1,1,4,74,3,3,3,1,2,1,2,1
4,15,1,4,1271,1,3,3,5,1,4,1,39,3,1,2,3,1,2,1,0
1,24,3,1,1393,2,3,2,5,3,2,4,31,3,3,1,3,1,2,1,1
2,12,1,1,691,2,5,4,5,1,3,3,35,3,3,2,3,1,1,1,0
1,15,1,1,5045,1,5,1,2,1,4,2,59,3,3,1,3,1,2,1,1
2,18,1,3,2124,2,3,4,2,1,4,4,24,3,2,2,3,1,1,1,0
2,12,3,4,2214,2,3,4,5,1,3,3,24,3,3,1,2,1,1,1,1
1,21,1,1,12680,1,5,4,5,1,4,1,30,3,1,1,4,1,2,1,0
1,24,1,1,2463,3,4,4,3,1,3,3,27,3,3,2,3,1,2,1,1
3,12,3,4,1155,2,5,3,3,3,3,4,40,1,3,2,2,1,1,1,1
2,30,3,3,3108,2,2,2,1,1,4,3,31,3,3,1,2,1,1,1,0
1,10,3,2,2901,1,2,1,2,1,4,4,31,3,2,1,3,1,1,1,1
3,12,1,3,3617,2,5,1,5,1,4,2,28,3,2,3,3,1,2,1,1
1,12,1,4,1655,2,5,2,5,1,4,4,63,3,3,2,2,1,2,1,1
2,24,3,2,2812,1,5,2,2,1,4,4,26,3,2,1,3,1,1,1,1
2,36,1,7,8065,2,3,3,2,1,2,1,25,3,3,2,4,1,2,1,0
1,21,1,2,3275,2,5,1,5,1,4,2,36,3,3,1,4,1,2,1,1
1,24,1,4,2223,3,5,4,5,1,4,3,52,1,3,2,3,1,1,1,1
4,12,1,1,1480,4,1,2,5,1,4,1,66,1,1,3,1,1,1,1,1
2,24,3,1,1371,1,3,4,2,1,4,4,25,3,2,1,3,1,1,1,0
1,36,1,1,3535,2,4,4,5,1,4,2,37,3,3,2,3,1,2,1,1
2,18,3,4,3509,2,4,4,2,3,1,4,25,3,3,1,3,1,1,1,1
1,36,1,2,5711,5,5,4,5,1,2,2,38,3,3,2,4,1,2,1,1
3,18,3,6,3872,2,1,2,2,1,4,2,67,3,3,1,3,1,2,1,1
3,39,1,4,4933,2,4,2,5,3,2,4,25,3,3,2,3,1,1,1,0
1,24,1,1,1940,5,5,4,5,1,4,4,60,3,3,1,3,1,2,1,1
3,12,2,9,1410,2,3,2,5,1,2,4,31,3,3,1,2,1,2,1,1
3,12,3,1,836,3,2,4,2,1,2,3,23,1,3,1,2,1,1,1,0
3,20,3,2,6468,1,1,1,1,1,4,4,60,3,3,1,4,1,2,1,1
3,18,3,10,1941,5,3,4,5,1,2,3,35,3,3,1,2,1,2,1,1
1,22,3,4,2675,4,5,3,5,1,4,2,40,3,3,1,3,1,1,1,1
1,48,1,2,2751,1,5,4,5,1,3,2,38,3,3,2,3,2,2,1,1
3,48,0,7,6224,2,5,4,5,1,4,1,50,3,1,1,3,1,1,1,0
2,40,1,7,5998,2,3,4,5,1,3,1,27,1,3,1,3,1,2,1,0
3,21,3,10,1188,2,5,2,2,1,4,3,39,3,3,1,3,2,1,1,0
1,24,3,2,6313,1,5,3,5,1,4,2,41,3,3,1,4,2,2,1,1
1,6,1,3,1221,1,3,1,3,1,2,3,27,3,3,2,3,1,1,1,1
4,24,3,3,2892,2,5,3,1,1,4,1,51,3,1,1,3,1,1,1,1
1,24,3,3,3062,4,5,4,5,1,3,1,32,3,2,1,3,1,2,1,1
1,9,3,3,2301,3,2,2,2,1,4,3,22,3,2,1,3,1,1,1,1
2,18,3,2,7511,1,5,1,5,1,4,3,51,3,1,1,3,2,2,1,0
1,12,1,3,1258,2,2,2,2,1,4,3,22,3,2,2,2,1,1,1,1
1,24,0,1,717,1,5,4,3,1,4,2,54,3,3,2,3,1,2,1,1
3,9,3,1,1549,1,2,4,5,1,2,4,35,3,3,1,1,1,1,1,1
1,24,1,7,1597,2,5,4,5,1,4,1,54,3,1,2,3,2,1,1,1
3,18,1,4,1795,2,5,3,2,3,4,4,48,1,2,2,2,1,2,1,1
2,20,1,3,4272,2,5,1,2,1,4,3,24,3,3,2,3,1,1,1,1
1,12,1,4,976,1,5,4,5,1,4,2,35,3,3,2,3,1,1,1,1
3,12,3,1,7472,1,1,1,2,1,2,4,24,3,2,1,1,1,1,1,1
2,36,3,1,9271,2,4,2,5,1,1,2,24,3,3,1,3,1,2,1,0
3,6,3,4,590,2,2,3,3,1,3,4,26,3,3,1,2,1,1,2,1
1,12,1,4,930,1,5,4,5,1,4,4,65,3,3,4,3,1,1,1,1
3,42,4,2,9283,2,1,1,5,1,2,1,55,1,1,1,4,1,2,1,1
3,15,2,1,1778,2,2,2,2,1,1,4,26,3,2,2,1,1,1,1,0
3,8,3,10,907,2,2,3,3,1,2,4,26,3,3,1,3,1,2,1,1
3,6,3,4,484,2,4,3,3,3,3,4,28,1,3,1,2,1,1,1,1
2,36,1,2,9629,2,4,4,5,1,4,2,24,3,3,2,3,1,2,1,0
2,48,3,5,3051,2,3,3,5,1,4,2,54,3,3,1,3,1,1,1,0
2,48,3,1,3931,2,4,4,5,1,4,1,46,3,1,1,3,2,1,1,0
3,36,0,1,7432,2,3,2,2,1,2,3,54,3,2,1,3,1,1,1,1
1,6,3,5,1338,4,3,1,1,1,4,4,62,3,3,1,3,1,1,1,1
1,6,1,4,1554,2,4,1,2,1,2,2,24,3,2,2,3,1,2,1,1
2,36,3,0,15857,2,1,2,1,2,3,2,43,3,3,1,4,1,1,1,1
2,18,3,4,1345,2,3,4,3,1,3,4,26,1,3,1,3,1,1,1,0
1,12,3,1,1101,2,3,3,3,1,2,4,27,3,3,2,3,1,2,1,1
4,12,3,4,3016,2,3,3,3,1,1,2,24,3,3,1,3,1,1,1,1
2,36,3,3,2712,2,5,2,5,1,2,3,41,1,3,1,3,2,1,1,0
2,8,1,1,731,2,5,4,5,1,4,4,47,3,3,2,2,1,1,1,1
1,18,1,3,3780,2,2,3,1,1,2,2,35,3,3,2,4,1,2,1,1
2,21,1,1,1602,2,5,4,3,1,3,2,30,3,3,2,3,1,2,1,1
2,18,1,1,3966,2,5,1,2,1,4,4,33,1,2,3,3,1,2,1,0
1,18,2,10,4165,2,3,2,5,1,2,2,36,2,3,2,3,2,1,1,0
2,36,3,2,8335,1,5,3,5,1,4,1,47,3,1,1,3,1,1,1,0
3,48,0,10,6681,1,3,4,5,1,4,1,38,3,1,1,3,2,2,1,1
1,24,0,10,2375,4,3,4,5,1,2,2,44,3,3,2,3,2,2,1,1
2,18,3,1,1216,2,2,4,2,1,3,2,23,3,2,1,3,1,2,1,0
2,45,2,10,11816,2,5,2,5,1,4,2,29,3,2,2,3,1,1,1,0
3,24,3,4,5084,1,5,2,2,1,4,2,42,3,3,1,3,1,2,1,1
4,15,3,4,2327,2,2,2,2,1,3,4,25,3,3,1,2,1,1,1,0
2,12,2,1,1082,2,3,4,5,1,4,2,48,1,3,2,3,1,1,1,0
1,12,3,4,886,1,3,4,2,1,2,2,21,3,3,1,3,1,1,1,1
1,4,3,3,601,2,2,1,2,1,3,4,23,3,2,1,2,2,1,1,1
2,24,1,2,2957,2,5,4,5,1,4,3,63,3,3,2,3,1,2,1,1
1,24,1,4,2611,2,5,4,3,2,3,4,46,3,3,2,3,1,1,1,1
2,36,3,3,5179,2,4,4,5,1,2,3,29,3,3,1,3,1,1,1,0
1,21,0,2,2993,2,3,3,5,1,2,4,28,2,3,2,2,1,1,1,1
1,18,3,6,1943,2,2,4,2,1,4,4,23,3,3,1,3,1,1,1,0
1,24,4,10,1559,2,4,4,5,1,4,2,50,1,3,1,3,1,2,1,1
1,18,3,3,3422,2,5,4,5,1,4,3,47,1,3,3,3,2,2,1,1
3,21,3,3,3976,1,4,2,5,1,3,2,35,3,3,1,3,1,2,1,1
1,18,3,1,6761,1,3,2,5,1,4,2,68,3,2,2,3,1,1,1,0
1,24,3,1,1249,2,2,4,3,1,2,4,28,3,3,1,3,1,1,1,1
2,9,3,4,1364,2,4,3,5,1,4,4,59,3,3,1,3,1,1,1,1
2,12,3,4,709,2,5,4,5,1,4,4,57,2,3,1,2,1,1,1,0
2,20,1,1,2235,2,3,4,3,3,2,3,33,1,2,2,3,1,1,2,0
1,24,1,2,4042,1,4,3,5,1,4,3,43,3,3,2,3,1,2,1,1
1,15,1,4,1471,2,3,4,5,1,4,1,35,3,1,2,3,1,2,1,1
2,18,4,1,1442,2,4,4,5,1,4,1,32,3,1,2,2,2,1,1,0
1,36,0,1,10875,2,5,2,5,1,2,2,45,3,3,2,3,2,2,1,1
1,24,3,1,1474,3,2,4,3,1,3,4,33,3,3,1,3,1,2,1,1
1,10,3,9,894,1,4,4,2,1,3,3,40,3,3,1,3,1,2,1,1
1,15,1,3,3343,2,3,4,5,1,2,1,28,3,1,1,3,1,2,1,1
2,15,3,1,3959,2,3,3,2,1,2,3,29,3,3,1,3,1,2,1,0
1,9,3,1,3577,3,3,1,5,3,2,4,26,3,2,1,3,2,1,2,1
1,24,1,2,5804,5,3,4,5,1,2,4,27,3,3,2,3,1,1,1,1
1,18,0,10,2169,2,3,4,3,1,2,2,28,3,3,1,3,1,2,1,0
2,24,3,4,2439,2,2,4,2,1,4,4,35,3,3,1,3,1,2,1,0
1,27,1,3,4526,5,2,4,5,1,2,4,32,2,3,2,2,2,2,1,1
1,10,3,3,2210,2,3,2,5,1,2,4,25,1,2,1,2,1,1,1,0
1,15,3,3,2221,4,3,2,2,1,4,2,20,3,2,1,3,1,1,1,1
2,18,3,4,2389,2,2,4,2,1,1,2,27,2,3,1,3,1,1,1,1
1,12,1,3,3331,2,5,2,5,1,4,3,42,2,3,1,3,1,1,1,1
1,36,3,10,7409,1,5,3,5,1,2,3,37,3,3,2,3,1,1,1,1
2,12,3,3,652,2,5,4,2,1,4,3,24,3,2,1,3,1,1,1,1
1,36,0,3,7678,4,4,2,2,1,4,2,40,3,3,2,3,1,2,1,1
4,6,1,1,1343,2,5,1,5,1,4,4,46,3,3,2,3,2,1,2,1
2,24,1,10,1382,3,4,4,5,1,1,4,26,3,3,2,3,1,2,1,1
1,15,3,5,874,1,2,4,2,1,1,4,24,3,3,1,3,1,1,1,1
2,12,3,3,3590,2,3,2,5,2,2,3,29,3,3,1,2,2,1,1,1
3,11,1,1,1322,5,3,4,2,1,4,2,40,3,3,2,3,1,1,1,1
2,18,4,4,1940,2,2,3,5,2,4,1,36,1,1,1,4,1,2,1,1
1,36,3,4,3595,2,5,4,5,1,2,2,28,3,3,1,3,1,1,1,1
2,9,3,1,1422,2,2,3,5,1,2,1,27,3,1,1,4,1,2,1,0
1,30,1,4,6742,1,4,2,5,1,3,3,36,3,3,2,3,1,1,1,1
1,24,3,2,7814,2,4,3,5,1,3,2,38,3,3,1,4,1,2,1,1
1,24,3,2,9277,1,3,2,1,1,4,1,48,3,1,1,3,1,2,1,1
3,30,1,1,2181,1,5,4,5,1,4,4,36,3,3,2,3,1,1,1,1
1,18,1,4,1098,2,1,4,2,1,4,2,65,3,3,2,1,1,1,1,1
3,24,3,3,4057,2,4,3,1,1,3,2,43,3,3,1,3,1,2,1,0
2,12,3,7,795,2,2,4,2,1,4,3,53,3,3,1,3,1,1,1,0
3,24,1,10,2825,1,4,4,5,1,3,1,34,3,3,2,3,2,2,1,1
3,48,3,10,15672,2,3,2,5,1,2,2,23,3,3,1,3,1,2,1,0
1,36,1,1,6614,2,5,4,5,1,4,2,34,3,3,2,4,1,2,1,1
1,28,4,2,7824,1,2,3,5,3,4,4,40,1,2,2,3,2,2,1,1
2,27,1,10,2442,2,5,4,5,1,4,2,43,2,3,4,4,2,2,1,1
1,15,1,4,1829,2,5,4,5,1,4,2,46,3,3,2,3,1,2,1,1
2,12,1,1,2171,2,3,4,5,1,4,3,38,1,3,2,2,1,1,2,1
3,36,1,2,5800,2,3,3,5,1,4,2,34,3,3,2,3,1,2,1,1
1,18,1,4,1169,1,3,4,5,1,3,3,29,3,3,2,3,1,2,1,1
1,36,0,2,8947,1,4,3,5,1,2,2,31,2,3,1,4,2,2,1,1
2,21,3,4,2606,2,2,4,2,1,4,3,28,3,2,1,4,1,2,1,1
1,12,1,3,1592,5,4,3,2,1,2,3,35,3,3,1,3,1,1,2,1
1,15,3,3,2186,1,4,1,2,1,4,4,33,1,2,1,2,1,1,1,1
2,18,3,3,4153,2,3,2,5,2,3,2,42,3,3,1,3,1,1,1,0
2,16,1,1,2625,2,5,2,5,3,4,3,43,1,2,1,3,1,2,1,0
1,20,1,1,3485,1,2,2,1,1,4,4,44,3,3,2,3,1,2,1,1
1,36,1,2,10477,1,5,2,5,1,4,1,42,3,1,2,3,1,1,1,1
1,15,3,4,1386,1,3,4,3,1,2,4,40,3,2,1,3,1,2,1,1
1,24,3,4,1278,2,5,4,5,1,1,4,36,3,3,1,4,1,2,1,1
2,12,3,4,1107,2,3,2,5,1,2,4,20,3,2,1,4,2,2,1,1
2,21,3,1,3763,1,4,2,5,2,2,4,24,3,3,1,2,1,1,2,1
3,36,3,7,3711,1,3,2,3,1,2,2,27,3,3,1,3,1,1,1,1
1,15,0,2,3594,2,2,1,2,1,2,3,46,3,3,2,2,1,1,1,1
3,9,3,1,3195,1,3,1,2,1,2,4,33,3,3,1,2,1,1,1,1
1,36,0,4,4454,2,3,4,2,1,4,4,34,3,3,2,3,1,1,1,1
3,24,1,3,4736,2,2,2,2,1,4,2,25,1,3,1,2,1,1,1,0
3,30,3,4,2991,1,5,2,2,1,4,2,25,3,3,1,3,1,1,1,1
1,11,3,10,2142,5,5,1,1,1,2,4,28,3,3,1,3,1,2,1,1
2,24,4,10,3161,2,3,4,5,1,2,3,31,3,2,1,3,1,2,1,0
3,48,2,0,18424,2,3,1,2,1,2,3,32,1,3,1,4,1,2,2,0
1,10,3,2,2848,3,3,1,5,2,2,4,32,3,3,1,3,2,1,1,1
2,6,3,1,14896,2,5,1,5,1,4,1,68,1,3,1,4,1,2,1,0
2,24,3,3,2359,3,1,1,1,1,1,3,33,3,3,1,3,1,1,1,0
2,24,3,3,3345,2,5,4,5,1,2,3,39,3,2,1,4,1,2,1,0
1,18,1,3,1817,2,3,4,2,1,2,1,28,3,3,2,3,1,1,1,1
1,48,0,4,12749,4,4,4,5,1,1,2,37,3,3,1,4,1,2,1,1
2,9,3,4,1366,2,2,3,2,1,4,3,22,3,2,1,3,1,1,1,0
3,12,3,1,2002,2,4,3,5,1,4,3,30,3,2,1,3,2,2,1,1
2,24,4,3,6872,2,2,2,1,1,1,3,55,1,3,1,3,1,2,1,0
2,12,4,1,697,2,2,4,5,1,2,2,46,1,3,2,3,1,2,1,0
2,18,1,3,1049,2,2,4,2,1,4,3,21,3,2,1,3,1,1,1,1
2,48,3,2,10297,2,4,4,5,1,4,1,39,2,1,3,3,2,2,1,0
1,30,3,4,1867,1,5,4,5,1,4,2,58,3,3,1,3,1,2,1,1
2,12,0,1,1344,2,3,4,5,1,2,4,43,3,3,2,2,2,1,1,1
2,24,3,3,1747,2,2,4,5,2,1,3,24,3,3,1,2,1,1,2,1
3,9,3,4,1670,2,2,4,2,1,2,2,22,3,3,1,3,1,2,1,0
1,9,1,1,1224,2,3,3,5,1,1,4,30,3,3,2,3,1,1,1,1
1,12,1,4,522,4,5,4,5,1,4,3,42,3,3,2,3,2,2,1,1
2,12,3,4,1498,2,3,4,2,1,1,2,23,1,3,1,3,1,1,1,1
3,30,0,4,1919,3,2,4,5,1,3,1,30,2,3,2,4,1,1,1,0
4,9,3,4,745,2,3,3,2,1,2,4,28,3,3,1,2,1,1,1,0
3,6,3,4,2063,2,2,4,3,1,3,2,30,3,2,1,4,1,2,1,1
3,60,3,7,6288,2,3,4,5,1,4,1,42,3,1,1,3,1,1,1,0
1,24,1,2,6842,1,3,2,5,1,4,3,46,3,3,2,4,2,2,1,1
1,12,3,1,3527,1,2,2,5,1,3,3,45,3,3,1,4,2,2,1,1
1,10,3,1,1546,2,3,3,5,1,2,4,31,3,3,1,2,2,1,2,1
1,24,3,3,929,1,4,4,5,1,2,2,31,2,3,1,3,1,2,1,1
1,4,1,1,1455,2,4,2,5,1,1,4,42,3,3,3,2,2,1,1,1
2,15,3,3,1845,2,2,4,2,3,1,3,46,3,2,1,3,1,1,1,1
3,48,2,1,8358,4,2,1,2,1,1,2,30,3,3,2,3,1,1,1,1
2,24,4,3,3349,4,2,4,5,1,4,1,30,3,1,1,3,2,2,1,0
1,12,3,1,2859,1,1,4,5,1,4,1,38,3,3,1,4,1,2,1,1
1,18,3,3,1533,2,2,4,3,2,1,3,43,3,3,1,2,2,1,1,0
1,24,3,4,3621,3,5,2,5,1,4,2,31,3,3,2,3,1,1,1,0
3,18,1,10,3590,2,1,3,3,1,3,2,40,3,3,3,1,2,2,1,1
2,36,0,10,2145,2,4,2,5,1,1,2,24,3,3,2,3,1,2,1,0
3,24,3,2,4113,4,2,3,2,1,4,2,28,3,2,1,3,1,1,1,0
1,36,3,3,10974,2,1,4,2,1,2,2,26,3,3,2,4,1,2,1,0
2,12,3,1,1893,2,3,4,2,3,4,3,29,3,3,1,3,1,2,1,1
2,24,1,4,1231,5,5,4,2,1,4,3,57,3,2,2,4,1,2,1,1
4,30,1,4,3656,1,5,4,5,1,4,3,49,2,3,2,2,1,1,1,1
3,9,1,4,1154,2,5,2,5,1,4,4,37,3,3,3,2,1,1,1,1
2,28,3,1,4006,2,3,3,5,1,2,2,45,3,3,1,2,1,1,1,0
3,24,3,3,3069,3,5,4,5,1,4,1,30,3,1,1,3,1,1,1,1
1,6,1,4,1740,2,5,2,3,1,2,4,30,3,2,2,3,1,1,1,1
3,21,0,1,2353,2,3,1,1,1,4,3,47,3,3,2,3,1,1,1,1
1,15,3,1,3556,1,3,3,5,1,2,1,29,3,3,1,3,1,1,1,1
1,24,3,4,2397,4,5,3,5,1,2,2,35,1,3,2,3,1,2,1,0
3,6,3,6,454,2,2,3,3,1,1,3,22,3,3,1,2,1,1,1,1
3,30,3,4,1715,1,3,4,2,1,1,2,26,3,3,1,3,1,1,1,1
3,27,1,4,2520,4,3,4,5,1,2,3,23,3,3,2,2,1,1,1,0
1,15,3,4,3568,2,5,4,2,1,2,2,54,1,2,1,4,1,2,1,1
1,42,3,4,7166,1,4,2,3,1,4,3,29,3,2,1,3,1,2,1,1
2,11,1,1,3939,2,3,1,5,1,2,4,40,3,3,2,2,2,1,1,1
3,15,3,6,1514,3,3,4,5,3,2,4,22,3,3,1,3,1,1,1,1
1,24,3,1,7393,2,3,1,5,1,4,3,43,3,3,1,2,2,1,1,1
2,24,4,1,1193,2,1,1,2,2,4,1,29,3,2,2,1,1,1,1,0
2,60,3,10,7297,2,5,4,5,2,4,1,36,3,2,1,3,1,1,1,0
1,30,1,4,2831,2,3,4,2,1,2,2,33,3,3,1,3,1,2,1,1
4,24,3,4,1258,4,3,3,2,1,3,2,57,3,3,1,2,1,1,1,1
3,6,3,4,753,2,3,2,2,3,3,4,64,3,3,1,3,1,1,1,1
3,18,0,10,2427,1,5,4,5,1,2,3,42,3,3,2,3,1,1,1,1
1,24,0,1,2538,2,5,4,5,1,4,2,47,3,3,2,2,2,1,1,0
3,15,4,1,1264,3,3,2,3,1,2,3,25,3,2,1,3,1,1,1,0
3,30,1,3,8386,2,4,2,5,1,2,3,49,3,3,1,3,1,1,1,0
1,48,3,10,4844,2,1,3,5,1,2,2,33,1,2,1,4,1,2,1,0
4,21,3,1,2923,3,3,1,2,1,1,2,28,1,3,1,4,1,2,1,1
2,36,3,2,8229,2,3,2,5,1,2,3,26,3,3,1,3,2,1,1,0
1,24,1,3,2028,2,4,2,5,1,2,3,30,3,3,2,2,1,1,1,1
2,15,1,3,1433,2,3,4,2,1,3,3,25,3,2,2,3,1,1,1,1
4,42,2,10,6289,2,2,2,1,1,1,3,33,3,3,2,3,1,1,1,1
1,13,3,4,1409,3,1,2,2,1,4,4,64,3,3,1,3,1,1,1,1
2,24,3,2,6579,2,1,4,5,1,2,1,29,3,1,1,4,1,2,1,1
3,24,1,4,1743,2,5,4,5,1,2,3,48,3,3,2,2,1,1,1,1
1,12,1,7,3565,1,2,2,5,1,1,3,37,3,3,2,2,2,1,1,1
1,15,4,4,1569,3,5,4,5,1,4,2,34,1,3,1,2,2,1,1,1
2,18,3,4,1936,1,4,2,3,1,4,2,23,3,2,2,2,1,1,1,1
2,36,3,3,3959,2,1,4,5,1,3,3,30,3,3,1,4,1,2,1,1
1,12,3,1,2390,1,5,4,5,1,3,2,50,3,3,1,3,1,2,1,1
1,12,3,3,1736,2,4,3,2,1,4,4,31,3,3,1,2,1,1,1,1
2,30,3,2,3857,2,3,4,1,1,4,3,40,3,3,1,4,1,2,1,1
1,12,3,4,804,2,5,4,5,1,4,2,38,3,3,1,3,1,1,1,1
2,45,3,4,1845,2,3,4,5,1,4,1,23,3,1,1,3,1,2,1,0
3,45,1,2,4576,3,1,3,5,1,4,2,27,3,3,1,3,1,1,1,1